Date,Close,Guess Close
2018-01-02,3.177000045776367,2.9266398
2018-01-03,3.1997499465942383,3.0682347
2018-01-04,3.2392499446868896,3.0800786
2018-01-05,3.279249906539917,3.100803
2018-01-08,3.2899999618530273,3.1016686
2018-01-09,3.327500104904175,3.1229322
2018-01-10,3.3375000953674316,3.1246383
2018-01-11,3.341249942779541,3.1443312
2018-01-12,3.3445000648498535,3.1687405
2018-01-16,3.377500057220459,3.1717875
2018-01-17,3.3864998817443848,3.1776366
2018-01-18,3.404750108718872,3.1801975
2018-01-19,3.4054999351501465,3.183346
2018-01-22,3.4347500801086426,3.1933734
2018-01-23,3.4502499103546143,3.1968756
2018-01-24,3.46274995803833,3.1994803
2018-01-25,3.477750062942505,3.2058609
2018-01-26,3.4957499504089355,3.2118714
2018-01-29,3.508500099182129,3.226556
2018-01-30,3.5320000648498535,3.2304027
2018-01-31,3.564500093460083,3.2536092
2018-02-01,3.575000047683716,3.2566836
2018-02-02,3.583250045776367,3.2567344
2018-02-05,3.5850000381469727,3.2638104
2018-02-06,3.5894999504089355,3.2751822
2018-02-07,3.59375,3.2764056
2018-02-08,3.5945000648498535,3.2782085
2018-02-09,3.615999937057495,3.2851477
2018-02-12,3.617500066757202,3.2882512
2018-02-13,3.6177499294281006,3.2900693
2018-02-14,3.618249893188477,3.2917078
2018-02-15,3.625,3.2921543
2018-02-16,3.6257500648498535,3.3000581
2018-02-20,3.628750085830689,3.3014631
2018-02-21,3.630749940872192,3.3088925
2018-02-22,3.637500047683716,3.3111837
2018-02-23,3.6549999713897705,3.3124697
2018-02-26,3.661250114440918,3.3184316
2018-02-27,3.661250114440918,3.3240592
2018-02-28,3.673500061035156,3.3280013
2018-03-01,3.683000087738037,3.3315103
2018-03-02,3.685499906539917,3.3336325
2018-03-05,3.6902499198913574,3.344165
2018-03-06,3.70425009727478,3.3470304
2018-03-07,3.704750061035156,3.3540347
2018-03-08,3.7065000534057617,3.3550568
2018-03-09,3.710750102996826,3.3592942
2018-03-12,3.719249963760376,3.3593752
2018-03-13,3.719249963760376,3.3612115
2018-03-14,3.720750093460083,3.3618805
2018-03-15,3.7209999561309814,3.3701503
2018-03-16,3.722249984741211,3.3718553
2018-03-19,3.722500085830689,3.3735616
2018-03-20,3.7269999980926514,3.3746872
2018-03-21,3.7295000553131104,3.3819485
2018-03-22,3.7314999103546143,3.3847382
2018-03-23,3.732249975204468,3.3856735
2018-03-26,3.7467501163482666,3.3873203
2018-03-27,3.7487499713897705,3.3876657
2018-03-28,3.7517499923706055,3.3983967
2018-03-29,3.760999917984009,3.3985808
2018-04-02,3.7660000324249263,3.4008787
2018-04-03,3.768749952316284,3.4030397
2018-04-04,3.7697501182556152,3.4037185
2018-04-05,3.779249906539917,3.4086163
2018-04-06,3.786250114440918,3.4095423
2018-04-09,3.786999940872192,3.4125721
2018-04-10,3.7929999828338623,3.414437
2018-04-11,3.793750047683716,3.4235706
2018-04-12,3.7939999103546143,3.4254992
2018-04-13,3.7964999675750737,3.4286458
2018-04-16,3.8012499809265137,3.4293602
2018-04-17,3.805000066757202,3.4358718
2018-04-18,3.808749914169311,3.436903
2018-04-19,3.816499948501587,3.4391062
2018-04-20,3.822000026702881,3.4411275
2018-04-23,3.822000026702881,3.4473128
2018-04-24,3.825000047683716,3.4498436
2018-04-25,3.8262500762939458,3.4512184
2018-04-26,3.828000068664551,3.4543827
2018-04-27,3.843250036239624,3.4591029
2018-04-30,3.847249984741211,3.4706867
2018-05-01,3.8524999618530273,3.4714544
2018-05-02,3.8545000553131104,3.4724963
2018-05-03,3.8564999103546143,3.4750106
2018-05-04,3.8632500171661377,3.4820473
2018-05-07,3.876499891281128,3.4821942
2018-05-08,3.8852500915527344,3.4891717
2018-05-09,3.89424991607666,3.490554
2018-05-10,3.901249885559082,3.4920716
2018-05-11,3.911250114440918,3.4921038
2018-05-14,3.913000106811523,3.4935532
2018-05-15,3.913249969482422,3.4950714
2018-05-16,3.9159998893737793,3.496895
2018-05-17,3.91950011253357,3.4994628
2018-05-18,3.9232499599456783,3.5000079
2018-05-21,3.927500009536743,3.5001395
2018-05-22,3.9277501106262207,3.5089157
2018-05-23,3.9302499294281006,3.5127776
2018-05-24,3.93274998664856,3.5147953
2018-05-25,3.933500051498413,3.5188775
2018-05-29,3.934000015258789,3.5258706
2018-05-30,3.946000099182129,3.5260758
2018-05-31,3.9565000534057617,3.528235
2018-06-01,3.9572501182556152,3.5296113
2018-06-04,3.961250066757202,3.530878
2018-06-05,3.963749885559082,3.5331388
2018-06-06,3.967250108718872,3.5336974
2018-06-07,3.979749917984009,3.534434
2018-06-08,3.9814999103546143,3.5405746
2018-06-11,3.989000082015991,3.5458295
2018-06-12,3.989500045776367,3.549626
2018-06-13,4.001500129699707,3.5552151
2018-06-14,4.0017499923706055,3.5579994
2018-06-15,4.003749847412109,3.561113
2018-06-18,4.004749774932861,3.564736
2018-06-19,4.0057501792907715,3.5664625
2018-06-20,4.028500080108643,3.5703924
2018-06-21,4.029749870300293,3.5767925
2018-06-22,4.0304999351501465,3.5776794
2018-06-25,4.045000076293945,3.5838697
2018-06-26,4.051000118255615,3.5894144
2018-06-27,4.055749893188477,3.591769
2018-06-28,4.060999870300293,3.5922208
2018-06-29,4.063000202178955,3.59571
2018-07-02,4.068749904632568,3.5963595
2018-07-03,4.080749988555908,3.5970943
2018-07-05,4.085750102996826,3.5987794
2018-07-06,4.104249954223633,3.6086192
2018-07-09,4.10575008392334,3.6100864
2018-07-10,4.110750198364258,3.6111023
2018-07-11,4.123000144958496,3.6115408
2018-07-12,4.136250019073486,3.6139984
2018-07-13,4.138999938964844,3.6172009
2018-07-16,4.154250144958496,3.6266859
2018-07-17,4.1570000648498535,3.641865
2018-07-18,4.175000190734863,3.6428401
2018-07-19,4.177000045776367,3.6442788
2018-07-20,4.1817498207092285,3.6452205
2018-07-23,4.187749862670898,3.6493037
2018-07-24,4.190249919891357,3.656991
2018-07-25,4.196750164031982,3.6627839
2018-07-26,4.210999965667725,3.671971
2018-07-27,4.2154998779296875,3.6849568
2018-07-30,4.2179999351501465,3.690838
2018-07-31,4.218999862670898,3.6915665
2018-08-01,4.2204999923706055,3.6946092
2018-08-02,4.223750114440918,3.696531
2018-08-03,4.24275016784668,3.6987517
2018-08-06,4.245250225067139,3.700198
2018-08-07,4.250999927520752,3.7026932
2018-08-08,4.254499912261963,3.70397
2018-08-09,4.254749774932861,3.7052653
2018-08-10,4.269499778747559,3.7057695
2018-08-13,4.280749797821045,3.7125022
2018-08-14,4.2829999923706055,3.714781
2018-08-15,4.2870001792907715,3.715435
2018-08-16,4.294000148773193,3.7190628
2018-08-17,4.3132500648498535,3.7200305
2018-08-20,4.317249774932861,3.7266016
2018-08-21,4.326000213623047,3.726859
2018-08-22,4.327750205993652,3.7290304
2018-08-23,4.334499835968018,3.731231
2018-08-24,4.3445000648498535,3.7443929
2018-08-27,4.3480000495910645,3.744506
2018-08-28,4.349999904632568,3.7471502
2018-08-29,4.351749897003174,3.7500331
2018-08-30,4.360000133514404,3.7524674
2018-08-31,4.370500087738037,3.753373
2018-09-04,4.370999813079834,3.7550008
2018-09-05,4.3767499923706055,3.759864
2018-09-06,4.386250019073486,3.7636142
2018-09-07,4.391499996185303,3.7661457
2018-09-10,4.392749786376953,3.7737026
2018-09-11,4.412499904632568,3.7795606
2018-09-12,4.421750068664551,3.7804224
2018-09-13,4.423500061035156,3.782945
2018-09-14,4.430749893188477,3.7986646
2018-09-17,4.431250095367432,3.7999222
2018-09-18,4.433499813079834,3.8015091
2018-09-19,4.4375,3.8161001
2018-09-20,4.452250003814697,3.8153832
2018-09-21,4.455749988555908,3.8231547
2018-09-24,4.466249942779541,3.8231823
2018-09-25,4.4664998054504395,3.826313
2018-09-26,4.483250141143799,3.8318317
2018-09-27,4.488999843597412,3.837446
2018-09-28,4.493500232696533,3.8380544
2018-10-01,4.496250152587891,3.8391237
2018-10-02,4.499499797821045,3.8488007
2018-10-03,4.505249977111816,3.8485255
2018-10-04,4.511750221252441,3.855319
2018-10-05,4.512499809265137,3.8681123
2018-10-08,4.517749786376953,3.870493
2018-10-09,4.525000095367432,3.8704808
2018-10-10,4.526750087738037,3.8712406
2018-10-11,4.532750129699707,3.8714116
2018-10-12,4.548500061035156,3.8763437
2018-10-15,4.54925012588501,3.8768928
2018-10-16,4.557000160217285,3.8802695
2018-10-17,4.574999809265137,3.8940403
2018-10-18,4.575250148773193,3.8960412
2018-10-19,4.57574987411499,3.9085143
2018-10-22,4.579500198364258,3.9267895
2018-10-23,4.579750061035156,3.9304862
2018-10-24,4.598499774932861,3.9374669
2018-10-25,4.606750011444092,3.9387832
2018-10-26,4.608250141143799,3.9471004
2018-10-29,4.608250141143799,3.9528222
2018-10-30,4.617499828338623,3.9632719
2018-10-31,4.640500068664551,3.9685495
2018-11-01,4.649750232696533,3.9834719
2018-11-02,4.65749979019165,3.985763
2018-11-05,4.663249969482422,3.9893086
2018-11-06,4.672749996185303,3.9983325
2018-11-07,4.682250022888184,4.002918
2018-11-08,4.705249786376953,4.014117
2018-11-09,4.706500053405762,4.0321136
2018-11-12,4.711750030517578,4.032849
2018-11-13,4.7154998779296875,4.0376706
2018-11-14,4.731500148773193,4.0404596
2018-11-15,4.738500118255615,4.043313
2018-11-16,4.750249862670898,4.04493
2018-11-19,4.762249946594238,4.0561113
2018-11-20,4.766749858856201,4.064618
2018-11-21,4.773749828338623,4.080213
2018-11-23,4.779250144958496,4.090603
2018-11-26,4.78849983215332,4.0927534
2018-11-27,4.794750213623047,4.094068
2018-11-28,4.802499771118164,4.0964255
2018-11-29,4.855249881744385,4.097957
2018-11-30,4.857250213623047,4.1023498
2018-12-03,4.8772501945495605,4.1170473
2018-12-04,4.890250205993652,4.126479
2018-12-06,4.90024995803833,4.1278834
2018-12-07,4.909249782562256,4.129981
2018-12-10,4.909999847412109,4.1376753
2018-12-11,4.921500205993652,4.142279
2018-12-12,4.929749965667725,4.1433682
2018-12-13,4.957250118255615,4.1532784
2018-12-14,4.982749938964844,4.175914
2018-12-17,4.983749866485596,4.1781335
2018-12-18,4.985249996185303,4.195964
2018-12-19,5.0254998207092285,4.1953626
2018-12-20,5.059750080108643,4.204263
2018-12-21,5.0647501945495605,4.2073483
2018-12-24,5.070499897003174,4.208027
2018-12-26,5.072999954223633,4.218906
2018-12-27,5.074999809265137,4.234775
2018-12-28,5.074999809265137,4.237158
2018-12-31,5.104750156402588,4.248695
2019-01-02,5.113500118255615,4.2486424
2019-01-03,5.141749858856201,4.254519
2019-01-04,5.143750190734863,4.255397
2019-01-07,5.149750232696533,4.258135
2019-01-08,5.169750213623047,4.3032427
2019-01-09,5.1907501220703125,4.3044233
2019-01-10,5.191500186920166,4.305499
2019-01-11,5.194499969482422,4.308479
2019-01-14,5.196000099182129,4.3110194
2019-01-15,5.199749946594238,4.314618
2019-01-16,5.204500198364258,4.3160257
2019-01-17,5.208499908447266,4.3175254
2019-01-18,5.214250087738037,4.324286
2019-01-22,5.218500137329102,4.328184
2019-01-23,5.231249809265137,4.3336835
2019-01-24,5.235499858856201,4.337649
2019-01-25,5.240250110626221,4.340844
2019-01-28,5.240250110626221,4.341792
2019-01-29,5.244750022888184,4.3512573
2019-01-30,5.254499912261963,4.351674
2019-01-31,5.262499809265137,4.3551774
2019-02-01,5.270750045776367,4.36094
2019-02-04,5.272250175476074,4.3806863
2019-02-05,5.276500225067139,4.391822
2019-02-06,5.2795000076293945,4.395797
2019-02-07,5.294250011444092,4.4068737
2019-02-08,5.3042497634887695,4.4096212
2019-02-11,5.3042497634887695,4.421675
2019-02-12,5.307000160217285,4.4342265
2019-02-13,5.3117499351501465,4.437864
2019-02-14,5.317249774932861,4.4507594
2019-02-15,5.324250221252441,4.452125
2019-02-19,5.339749813079834,4.453873
2019-02-20,5.34250020980835,4.456718
2019-02-21,5.344749927520752,4.459781
2019-02-22,5.3495001792907715,4.4626107
2019-02-25,5.356249809265137,4.4756975
2019-02-26,5.373000144958496,4.4874105
2019-02-27,5.385000228881836,4.488793
2019-02-28,5.385250091552734,4.490069
2019-03-01,5.407750129699707,4.4904046
2019-03-04,5.416500091552734,4.4949994
2019-03-05,5.418499946594238,4.4970775
2019-03-06,5.425000190734863,4.4982314
2019-03-07,5.4317498207092285,4.5159607
2019-03-08,5.433499813079834,4.51944
2019-03-11,5.438000202178955,4.5220346
2019-03-12,5.452750205993652,4.5300026
2019-03-13,5.455999851226807,4.531243
2019-03-14,5.502749919891357,4.5286603
2019-03-15,5.526249885559082,4.5311627
2019-03-18,5.526500225067139,4.5363736
2019-03-19,5.53000020980835,4.5403357
2019-03-20,5.530250072479248,4.5436387
2019-03-21,5.533750057220459,4.5449295
2019-03-22,5.5345001220703125,4.5559535
2019-03-25,5.548500061035156,4.5615735
2019-03-26,5.550000190734863,4.5618024
2019-03-27,5.57450008392334,4.5761356
2019-03-28,5.5920000076293945,4.579753
2019-03-29,5.5970001220703125,4.583946
2019-04-01,5.59975004196167,4.5873647
2019-04-02,5.601749897003174,4.594131
2019-04-03,5.6020002365112305,4.5995936
2019-04-04,5.611000061035156,4.6014295
2019-04-05,5.618000030517578,4.6048408
2019-04-08,5.622499942779541,4.610831
2019-04-09,5.628749847412109,4.615867
2019-04-10,5.630499839782715,4.6194615
2019-04-11,5.633749961853027,4.6226144
2019-04-12,5.638000011444092,4.6359696
2019-04-15,5.639500141143799,4.639517
2019-04-16,5.656000137329102,4.6443143
2019-04-17,5.656000137329102,4.647462
2019-04-18,5.657750129699707,4.649575
2019-04-22,5.658249855041504,4.655668
2019-04-23,5.678500175476074,4.6580105
2019-04-24,5.697750091552734,4.6605806
2019-04-25,5.70074987411499,4.666204
2019-04-26,5.707250118255615,4.6748376
2019-04-29,5.717750072479248,4.68852
2019-04-30,5.71999979019165,4.6935153
2019-05-01,5.72599983215332,4.7043343
2019-05-02,5.729249954223633,4.7091346
2019-05-03,5.737750053405762,4.709459
2019-05-06,5.752749919891357,4.719333
2019-05-07,5.7804999351501465,4.7237945
2019-05-08,5.78725004196167,4.725482
2019-05-09,5.787499904632568,4.727742
2019-05-10,5.789750099182129,4.731213
2019-05-13,5.802000045776367,4.7335143
2019-05-14,5.80525016784668,4.749931
2019-05-15,5.808000087738037,4.7656264
2019-05-16,5.8157501220703125,4.778646
2019-05-17,5.824250221252441,4.7845736
2019-05-20,5.824749946594238,4.786207
2019-05-21,5.8379998207092285,4.790663
2019-05-22,5.842249870300293,4.798676
2019-05-23,5.864999771118164,4.803641
2019-05-24,5.8782501220703125,4.814677
2019-05-28,5.882500171661377,4.819691
2019-05-29,5.884500026702881,4.824244
2019-05-30,5.886499881744385,4.832725
2019-05-31,5.891250133514404,4.833236
2019-06-03,5.89300012588501,4.8378506
2019-06-04,5.894999980926514,4.841716
2019-06-05,5.901750087738037,4.8419976
2019-06-06,5.908750057220459,4.8598676
2019-06-07,5.909249782562256,4.8630614
2019-06-10,5.910749912261963,4.86634
2019-06-11,5.91349983215332,4.8763633
2019-06-12,5.921000003814697,4.892632
2019-06-13,5.921750068664551,4.8964634
2019-06-14,5.922500133514404,4.9085274
2019-06-17,5.926499843597412,4.936678
2019-06-18,5.938499927520752,4.940904
2019-06-19,5.9654998779296875,4.946448
2019-06-20,5.9704999923706055,4.9479566
2019-06-21,5.972750186920166,4.9485655
2019-06-24,5.976500034332275,4.9614005
2019-06-25,5.978000164031982,4.9694114
2019-06-26,5.979750156402588,4.970382
2019-06-27,5.984250068664551,4.978046
2019-06-28,5.988249778747559,4.997848
2019-07-01,5.9977498054504395,5.003287
2019-07-02,5.9982500076293945,5.0058618
2019-07-03,6.005000114440918,5.01572
2019-07-05,6.0082502365112305,5.018725
2019-07-08,6.009500026702881,5.018952
2019-07-09,6.012499809265137,5.0219483
2019-07-10,6.020999908447266,5.03079
2019-07-11,6.021500110626221,5.0374126
2019-07-12,6.025000095367432,5.0393033
2019-07-15,6.0295000076293945,5.0416126
2019-07-16,6.0355000495910645,5.055408
2019-07-17,6.037749767303467,5.0603943
2019-07-18,6.046000003814697,5.0701413
2019-07-19,6.046249866485596,5.0775704
2019-07-22,6.049749851226807,5.0783596
2019-07-23,6.050000190734863,5.079615
2019-07-24,6.053750038146973,5.0802135
2019-07-25,6.053999900817871,5.084681
2019-07-26,6.056000232696533,5.0860114
2019-07-29,6.067500114440918,5.088305
2019-07-30,6.067999839782715,5.0906296
2019-07-31,6.0682501792907715,5.0937486
2019-08-01,6.075500011444092,5.1001663
2019-08-02,6.076499938964844,5.1027236
2019-08-05,6.076749801635742,5.1035304
2019-08-06,6.083250045776367,5.106927
2019-08-07,6.0960001945495605,5.1070933
2019-08-08,6.097750186920166,5.1197944
2019-08-09,6.103250026702881,5.1203423
2019-08-12,6.105999946594238,5.129294
2019-08-13,6.107999801635742,5.134397
2019-08-14,6.111999988555908,5.13757
2019-08-15,6.120500087738037,5.142024
2019-08-16,6.121500015258789,5.143179
2019-08-19,6.1332502365112305,5.145122
2019-08-20,6.136000156402588,5.1499043
2019-08-21,6.138500213623047,5.1583066
2019-08-22,6.138999938964844,5.1665053
2019-08-23,6.139249801635742,5.1684265
2019-08-26,6.140500068664551,5.1706376
2019-08-27,6.142250061035156,5.1728663
2019-08-28,6.144999980926514,5.1801
2019-08-29,6.145249843597412,5.183702
2019-08-30,6.145750045776367,5.187205
2019-09-03,6.148250102996826,5.188022
2019-09-04,6.148499965667725,5.202605
2019-09-05,6.15024995803833,5.204766
2019-09-06,6.151500225067139,5.226481
2019-09-09,6.161749839782715,5.227655
2019-09-10,6.161749839782715,5.228066
2019-09-11,6.162499904632568,5.2448497
2019-09-12,6.16349983215332,5.24964
2019-09-13,6.1645002365112305,5.2636127
2019-09-16,6.171249866485596,5.2662225
2019-09-17,6.178249835968018,5.2861485
2019-09-18,6.182000160217285,5.294311
2019-09-19,6.1832499504089355,5.303615
2019-09-20,6.1882500648498535,5.310185
2019-09-23,6.188499927520752,5.3145976
2019-09-24,6.192249774932861,5.318379
2019-09-25,6.192749977111816,5.3472457
2019-09-26,6.192749977111816,5.355667
2019-09-27,6.196000099182129,5.377372
2019-09-30,6.198500156402588,5.379976
2019-10-01,6.199250221252441,5.4113917
2019-10-02,6.204999923706055,5.4131856
2019-10-03,6.214000225067139,5.430981
2019-10-04,6.214749813079834,5.4364414
2019-10-07,6.2170000076293945,5.440829
2019-10-08,6.217750072479248,5.461222
2019-10-09,6.218500137329102,5.4621377
2019-10-10,6.223249912261963,5.462789
2019-10-11,6.2270002365112305,5.471976
2019-10-14,6.229499816894531,5.4833593
2019-10-15,6.231249809265137,5.498207
2019-10-16,6.23199987411499,5.5053296
2019-10-17,6.23199987411499,5.512794
2019-10-18,6.232999801635742,5.5176477
2019-10-21,6.233500003814697,5.518389
2019-10-22,6.235249996185303,5.521461
2019-10-23,6.239500045776367,5.5267186
2019-10-24,6.24399995803833,5.531411
2019-10-25,6.252749919891357,5.533296
2019-10-28,6.260000228881836,5.5367064
2019-10-29,6.26200008392334,5.5387197
2019-10-30,6.26200008392334,5.540439
2019-10-31,6.265500068664551,5.5410495
2019-11-01,6.269000053405762,5.548821
2019-11-04,6.272250175476074,5.5578156
2019-11-05,6.273749828338623,5.570205
2019-11-06,6.280749797821045,5.5758605
2019-11-07,6.289750099182129,5.577214
2019-11-08,6.292500019073486,5.5776057
2019-11-11,6.296750068664551,5.579956
2019-11-12,6.299499988555908,5.588449
2019-11-13,6.30049991607666,5.5915565
2019-11-14,6.300749778747559,5.605415
2019-11-15,6.302499771118164,5.609737
2019-11-18,6.304749965667725,5.612258
2019-11-19,6.315000057220459,5.6147137
2019-11-20,6.3182501792907715,5.6175113
2019-11-21,6.321499824523926,5.618459
2019-11-22,6.324749946594238,5.6352673
2019-11-25,6.331250190734863,5.6425157
2019-11-26,6.333000183105469,5.646569
2019-11-27,6.342249870300293,5.6572156
2019-11-29,6.350749969482422,5.66044
2019-12-02,6.356249809265137,5.668856
2019-12-03,6.363249778747559,5.6710734
2019-12-04,6.369750022888184,5.673286
2019-12-05,6.370999813079834,5.6880965
2019-12-06,6.383999824523926,5.690611
2019-12-09,6.386750221252441,5.7024403
2019-12-10,6.394499778747559,5.7034516
2019-12-11,6.4029998779296875,5.7077746
2019-12-12,6.411499977111816,5.709326
2019-12-13,6.423749923706055,5.727802
2019-12-16,6.427750110626221,5.73482
2019-12-17,6.431000232696533,5.7366557
2019-12-18,6.435999870300293,5.7444606
2019-12-19,6.440499782562256,5.745069
2019-12-20,6.4604997634887695,5.7487073
2019-12-23,6.475749969482422,5.7526975
2019-12-24,6.4770002365112305,5.7571645
2019-12-26,6.5032501220703125,5.7578588
2019-12-27,6.5042500495910645,5.7658787
2019-12-30,6.515500068664551,5.770808
2019-12-31,6.5269999504089355,5.773082
2020-01-02,6.535749912261963,5.7759247
2020-01-03,6.551249980926514,5.7810817
2020-01-06,6.557000160217285,5.786372
2020-01-07,6.557750225067139,5.789023
2020-01-08,6.559999942779541,5.7942233
2020-01-09,6.564499855041504,5.7963734
2020-01-10,6.570499897003174,5.79791
2020-01-13,6.572500228881836,5.799839
2020-01-14,6.573750019073486,5.810818
2020-01-15,6.574250221252441,5.8160615
2020-01-16,6.586249828338623,5.820769
2020-01-17,6.590000152587891,5.8250184
2020-01-21,6.621250152587891,5.82422
2020-01-22,6.6267499923706055,5.8431354
2020-01-23,6.6272501945495605,5.8525887
2020-01-24,6.628749847412109,5.8534446
2020-01-27,6.631499767303467,5.858069
2020-01-28,6.638500213623047,5.8622365
2020-01-29,6.639750003814697,5.8660116
2020-01-30,6.642499923706055,5.876982
2020-01-31,6.64424991607666,5.8815846
2020-02-03,6.647250175476074,5.886445
2020-02-04,6.651000022888184,5.8914366
2020-02-05,6.6570000648498535,5.8963385
2020-02-06,6.671000003814697,5.8986197
2020-02-07,6.672749996185303,5.90272
2020-02-10,6.672999858856201,5.9091325
2020-02-11,6.673749923706055,5.912324
2020-02-12,6.684999942779541,5.9227796
2020-02-13,6.691249847412109,5.93653
2020-02-14,6.697249889373779,5.9431357
2020-02-18,6.704999923706055,5.9456544
2020-02-19,6.710000038146973,5.9500613
2020-02-20,6.710249900817871,5.9523597
2020-02-21,6.737750053405762,5.960003
2020-02-24,6.746250152587891,5.9655557
2020-02-25,6.746500015258789,5.9720683
2020-02-26,6.7517499923706055,5.9764075
2020-02-27,6.769499778747559,5.993111
2020-02-28,6.7754998207092285,6.0016103
2020-03-02,6.7835001945495605,6.001879
2020-03-03,6.796500205993652,6.0044823
2020-03-04,6.799499988555908,6.0147576
2020-03-05,6.805500030517578,6.029876
2020-03-06,6.813499927520752,6.0391555
2020-03-09,6.817999839782715,6.0446978
2020-03-10,6.820000171661377,6.052855
2020-03-11,6.831999778747559,6.0656114
2020-03-12,6.832250118255615,6.0898156
2020-03-13,6.848249912261963,6.1047587
2020-03-16,6.859499931335449,6.107929
2020-03-17,6.868249893188477,6.123073
2020-03-18,6.897500038146973,6.131372
2020-03-19,6.910749912261963,6.138845
2020-03-20,6.910749912261963,6.143664
2020-03-23,6.945250034332275,6.1560874
2020-03-24,6.9604997634887695,6.1875944
2020-03-25,6.962250232696533,6.190022
2020-03-26,6.982250213623047,6.19782
2020-03-27,7.017000198364258,6.2068944
2020-03-30,7.020999908447266,6.218361
2020-03-31,7.0254998207092285,6.224709
2020-04-01,7.069499969482422,6.241572
2020-04-02,7.09250020980835,6.2768664
2020-04-03,7.098750114440918,6.278706
2020-04-06,7.100249767303467,6.297889
2020-04-07,7.112750053405762,6.305921
2020-04-08,7.153749942779541,6.3229823
2020-04-09,7.1620001792907715,6.3325925
2020-04-13,7.16825008392334,6.3416963
2020-04-14,7.176249980926514,6.3481603
2020-04-15,7.234000205993652,6.3732047
2020-04-16,7.239749908447266,6.3887334
2020-04-17,7.244750022888184,6.3952484
2020-04-20,7.282249927520752,6.404276
2020-04-21,7.283999919891357,6.428363
2020-04-22,7.307000160217285,6.4341826
2020-04-23,7.308000087738037,6.4299874
2020-04-24,7.343500137329102,6.4724135
2020-04-27,7.351749897003174,6.4920907
2020-04-28,7.367499828338623,6.4992623
2020-04-29,7.414249897003174,6.510899
2020-04-30,7.427000045776367,6.5383763
2020-05-01,7.44474983215332,6.5558424
2020-05-04,7.46150016784668,6.564231
2020-05-05,7.621749877929688,6.608458
2020-05-06,7.71750020980835,6.6477704
2020-05-07,7.78000020980835,6.6649413
2020-05-08,7.802499771118164,6.6782336
2020-05-11,7.8125,6.7363343
2020-05-12,7.867499828338623,6.7776003
2020-05-13,8.030500411987305,6.8213997
2020-05-14,8.065500259399414,6.88129
2020-05-15,8.487000465393066,6.9988346
2020-05-18,8.490750312805176,7.0311484
2020-05-19,8.525250434875488,7.118687
2020-05-20,8.71774959564209,7.17453
2020-05-21,8.750249862670898,7.2293553
2020-05-22,8.766500473022461,7.2372985
2020-05-26,8.769499778747559,7.245931
2020-05-27,8.775250434875488,7.2913632
2020-05-28,8.796250343322754,7.3051934
2020-05-29,8.805000305175781,7.3214087
2020-06-01,8.805500030517578,7.3385015
2020-06-02,8.806249618530273,7.3464017
2020-06-03,8.825249671936035,7.372827
2020-06-04,8.875499725341797,7.3987317
2020-06-05,8.920000076293945,7.4190063
2020-06-08,8.932499885559082,7.4280024
2020-06-09,8.970000267028809,7.454641
2020-06-10,9.026249885559082,7.4917226
2020-06-11,9.04599952697754,7.518909
2020-06-12,9.068499565124512,7.541586
2020-06-15,9.154999732971191,7.578604
2020-06-16,9.173749923706056,7.610356
2020-06-17,9.199999809265137,7.672797
2020-06-18,9.218000411987305,7.7020907
2020-06-19,9.23550033569336,7.736875
2020-06-22,9.236000061035156,7.7982163
2020-06-23,9.261249542236328,7.8291717
2020-06-24,9.36674976348877,7.8559146
2020-06-25,9.449999809265137,7.904738
2020-06-26,9.489999771118164,7.958964
2020-06-29,9.497750282287598,7.986884
2020-06-30,9.52674961090088,8.048761
2020-07-01,9.529999732971191,8.061156
2020-07-02,9.612250328063965,8.122959
2020-07-06,9.83924961090088,8.247005
2020-07-07,9.871749877929688,8.281532
2020-07-08,10.052249908447266,8.326263
2020-07-09,10.12975025177002,8.381243
2020-07-10,10.134750366210938,8.398604
2020-07-13,10.194499969482422,8.441741
2020-07-14,10.201499938964844,8.452655
2020-07-15,10.215499877929688,8.474032
2020-07-16,10.215999603271484,8.515854
2020-07-17,10.227250099182127,8.543175
2020-07-20,10.328499794006348,8.587865
2020-07-21,10.376999855041504,8.616769
2020-07-22,10.421500205993652,8.65557
2020-07-23,10.438750267028809,8.671138
2020-07-24,10.465499877929688,8.686524
2020-07-27,10.479249954223633,8.699931
2020-07-28,10.508999824523926,8.753655
2020-07-29,10.510749816894531,8.818353
2020-07-30,10.61400032043457,8.871851
2020-07-31,10.614749908447266,8.92946
2020-08-03,10.850000381469728,9.05272
2020-08-04,11.010250091552734,9.100297
2020-08-05,11.164999961853027,9.141048
2020-08-06,11.19950008392334,9.180232
2020-08-07,11.22700023651123,9.202619
2020-08-10,11.227749824523926,9.216302
2020-08-11,11.286749839782717,9.258626
2020-08-12,11.33549976348877,9.299291
2020-08-13,11.440250396728516,9.350141
2020-08-14,11.442999839782717,9.362441
2020-08-17,11.5,9.401742
2020-08-18,11.564000129699709,9.479996
2020-08-19,11.586000442504885,9.510991
2020-08-20,11.593250274658203,9.537168
2020-08-21,11.670000076293944,9.556706
2020-08-24,11.887999534606934,9.603019
2020-08-25,11.913000106811523,9.649009
2020-08-26,11.960000038146973,9.6780615
2020-08-27,11.967000007629396,9.691794
2020-08-28,12.050999641418455,9.710778
2020-08-31,12.076000213623049,9.724673
2020-09-01,12.123749732971191,9.763761
2020-09-02,12.138500213623049,9.769603
2020-09-03,12.138999938964844,9.802609
2020-09-04,12.140999794006348,9.829861
2020-09-08,12.16450023651123,9.863386
2020-09-09,12.189249992370604,9.874906
2020-09-10,12.194000244140623,9.9012785
2020-09-11,12.220000267028809,9.924592
2020-09-14,12.227999687194824,9.969839
2020-09-15,12.260749816894531,9.986958
2020-09-16,12.311750411987305,10.011698
2020-09-17,12.336999893188477,10.039714
2020-09-18,12.347999572753906,10.056088
2020-09-21,12.37024974822998,10.068082
2020-09-22,12.413000106811523,10.094981
2020-09-23,12.46150016784668,10.109433
2020-09-24,12.463500022888184,10.111628
2020-09-25,12.465999603271484,10.124401
2020-09-28,12.468250274658203,10.146487
2020-09-29,12.51200008392334,10.182883
2020-09-30,12.51449966430664,10.230942
2020-10-01,12.515999794006348,10.268874
2020-10-02,12.517250061035156,10.278344
2020-10-05,12.52025032043457,10.291672
2020-10-06,12.534000396728516,10.303847
2020-10-07,12.535249710083008,10.307638
2020-10-08,12.560999870300291,10.344223
2020-10-09,12.580750465393066,10.348982
2020-10-12,12.598999977111816,10.355667
2020-10-13,12.614500045776367,10.365159
2020-10-14,12.6225004196167,10.381655
2020-10-15,12.626999855041504,10.403026
2020-10-16,12.628250122070312,10.454887
2020-10-19,12.637749671936035,10.479119
2020-10-20,12.642999649047852,10.506051
2020-10-21,12.683500289916992,10.537707
2020-10-22,12.71500015258789,10.574471
2020-10-23,12.720250129699709,10.590162
2020-10-26,12.72249984741211,10.599103
2020-10-27,12.736000061035156,10.635774
2020-10-28,12.75,10.642021
2020-10-29,12.770000457763672,10.657632
2020-10-30,12.77299976348877,10.662137
2020-11-02,12.804750442504885,10.683543
2020-11-03,12.83924961090088,10.703145
2020-11-04,12.845749855041504,10.725811
2020-11-05,12.855999946594238,10.7578
2020-11-06,12.85949993133545,10.764325
2020-11-09,12.871749877929688,10.797795
2020-11-10,12.872249603271484,10.804046
2020-11-11,12.873749732971191,10.822869
2020-11-12,12.895999908447266,10.840842
2020-11-13,12.899999618530272,10.864333
2020-11-16,12.917750358581545,10.874312
2020-11-17,12.928999900817873,10.893535
2020-11-18,12.930749893188477,10.90006
2020-11-19,12.943249702453612,10.926673
2020-11-20,12.948249816894531,10.9316025
2020-11-23,12.95775032043457,10.952249
2020-11-24,12.972249984741213,10.976405
2020-11-25,12.989749908447266,11.025662
2020-11-27,12.991000175476074,11.049161
2020-11-30,12.993499755859377,11.166889
2020-12-01,12.993749618530272,11.179778
2020-12-02,13.009249687194824,11.206461
2020-12-03,13.013250350952148,11.20975
2020-12-04,13.01550006866455,11.21934
2020-12-07,13.01949977874756,11.240506
2020-12-08,13.02400016784668,11.252433
2020-12-09,13.025250434875488,11.280248
2020-12-10,13.03499984741211,11.290141
2020-12-11,13.050999641418455,11.296914
2020-12-14,13.05500030517578,11.310735
2020-12-15,13.062250137329102,11.31775
2020-12-16,13.07075023651123,11.323144
2020-12-17,13.087750434875488,11.329546
2020-12-18,13.113499641418455,11.3382435
2020-12-21,13.128000259399414,11.34864
2020-12-22,13.130000114440918,11.35275
2020-12-23,13.130999565124512,11.361924
2020-12-24,13.140000343322754,11.390623
2020-12-28,13.141249656677246,11.428115
2020-12-29,13.145750045776367,11.440814
2020-12-30,13.147749900817873,11.457354
2020-12-31,13.166999816894531,11.478232
2021-01-04,13.175999641418455,11.483691
2021-01-05,13.175999641418455,11.48812
2021-01-06,13.186249732971191,11.493
2021-01-07,13.19124984741211,11.516103
2021-01-08,13.197999954223633,11.519525
2021-01-11,13.200249671936035,11.533087
2021-01-12,13.208999633789062,11.545904
2021-01-13,13.218999862670898,11.57087
2021-01-14,13.225749969482422,11.585282
2021-01-15,13.234749794006348,11.613119
2021-01-19,13.237000465393066,11.622966
2021-01-20,13.24250030517578,11.648985
2021-01-21,13.26099967956543,11.671295
2021-01-22,13.26099967956543,11.681865
2021-01-25,13.261249542236328,11.685539
2021-01-26,13.272000312805176,11.716434
2021-01-27,13.27674961090088,11.734568
2021-01-28,13.278249740600586,11.744926
2021-01-29,13.291250228881836,11.803676
2021-02-01,13.29699993133545,11.835286
2021-02-02,13.307499885559082,11.839696
2021-02-03,13.30875015258789,11.851225
2021-02-04,13.332249641418455,11.892897
2021-02-05,13.3412504196167,11.909101
2021-02-08,13.3412504196167,11.914565
2021-02-09,13.343999862670898,11.918429
2021-02-10,13.34825038909912,11.939841
2021-02-11,13.350000381469728,11.946982
2021-02-12,13.36050033569336,11.968116
2021-02-16,13.361000061035156,12.011644
2021-02-17,13.365750312805176,12.017337
2021-02-18,13.374500274658203,12.024315
2021-02-19,13.381999969482422,12.074071
2021-02-22,13.390000343322754,12.09184
2021-02-23,13.395999908447266,12.095001
2021-02-24,13.396750450134276,12.125363
2021-02-25,13.40149974822998,12.128904
2021-02-26,13.404749870300291,12.169905
2021-03-01,13.40625,12.176333
2021-03-02,13.41800022125244,12.220054
2021-03-03,13.42099952697754,12.226365
2021-03-04,13.422249794006348,12.241292
2021-03-05,13.428750038146973,12.25839
2021-03-08,13.435250282287598,12.261134
2021-03-09,13.440250396728516,12.305405
2021-03-10,13.45674991607666,12.379071
2021-03-11,13.46500015258789,12.38816
2021-03-12,13.484749794006348,12.399566
2021-03-15,13.496999740600586,12.405026
2021-03-16,13.497750282287598,12.427524
2021-03-17,13.515250205993652,12.43341
2021-03-18,13.524749755859377,12.438461
2021-03-19,13.530500411987305,12.494188
2021-03-22,13.530500411987305,12.516255
2021-03-23,13.531749725341797,12.574267
2021-03-24,13.54300022125244,12.590943
2021-03-25,13.544500350952148,12.61962
2021-03-26,13.556750297546388,12.622471
2021-03-29,13.558250427246094,12.640281
2021-03-30,13.590250015258787,12.645555
2021-03-31,13.590999603271484,12.66063
2021-04-01,13.606749534606934,12.663827
2021-04-05,13.614500045776367,12.671912
2021-04-06,13.621500015258787,12.683253
2021-04-07,13.630749702453612,12.693009
2021-04-08,13.642499923706056,12.703502
2021-04-09,13.645500183105469,12.7186575
2021-04-12,13.647000312805176,12.720178
2021-04-13,13.653249740600586,12.733248
2021-04-14,13.664250373840332,12.768287
2021-04-15,13.665249824523926,12.800121
2021-04-16,13.712499618530272,12.818494
2021-04-19,13.71399974822998,12.857736
2021-04-20,13.714500427246094,12.898738
2021-04-21,13.736499786376951,12.951205
2021-04-22,13.758500099182127,12.961885
2021-04-23,13.762749671936035,12.977376
2021-04-26,13.776000022888184,12.9991255
2021-04-27,13.794249534606934,13.029527
2021-04-28,13.81149959564209,13.051881
2021-04-29,13.811750411987305,13.06888
2021-04-30,13.821000099182127,13.08162
2021-05-03,13.833999633789062,13.103317
2021-05-04,13.838749885559082,13.125527
2021-05-05,13.841750144958496,13.1340685
2021-05-06,13.861499786376951,13.178769
2021-05-07,13.86750030517578,13.20209
2021-05-10,13.937000274658203,13.229508
2021-05-11,13.96399974822998,13.238605
2021-05-12,13.970000267028809,13.254182
2021-05-13,13.987500190734863,13.263919
2021-05-14,13.989999771118164,13.271459
2021-05-17,14.01574993133545,13.28922
2021-05-18,14.03600025177002,13.305578
2021-05-19,14.065750122070312,13.312413
2021-05-20,14.095250129699709,13.324048
2021-05-21,14.121000289916992,13.332762
2021-05-24,14.142000198364258,13.348852
2021-05-25,14.143500328063965,13.355975
2021-05-26,14.156000137329102,13.443184
2021-05-27,14.15999984741211,13.44611
2021-05-28,14.165499687194824,13.48502
2021-06-01,14.22599983215332,13.508536
2021-06-02,14.243000030517578,13.516009
2021-06-03,14.248250007629396,13.52088
2021-06-04,14.263250350952148,13.53338
2021-06-07,14.265000343322754,13.548341
2021-06-08,14.26574993133545,13.557042
2021-06-09,14.300999641418455,13.615093
2021-06-10,14.306249618530272,13.630689
2021-06-11,14.3149995803833,13.645196
2021-06-14,14.31700038909912,13.710435
2021-06-15,14.346500396728516,13.741734
2021-06-16,14.35124969482422,13.751385
2021-06-17,14.35575008392334,13.780007
2021-06-18,14.38700008392334,13.826339
2021-06-21,14.399999618530272,13.862702
2021-06-22,14.438750267028809,13.884229
2021-06-23,14.458499908447266,13.928297
2021-06-24,14.49899959564209,13.984899
2021-06-25,14.505000114440918,13.995534
2021-06-28,14.52299976348877,14.0148115
2021-06-29,14.52299976348877,14.018012
2021-06-30,14.562000274658203,14.111476
2021-07-01,14.60200023651123,14.141348
2021-07-02,14.602999687194824,14.153128
2021-07-06,14.612500190734863,14.181715
2021-07-07,14.61400032043457,14.194161
2021-07-08,14.74899959564209,14.270146
2021-07-09,14.764249801635742,14.2924595
2021-07-12,14.812250137329102,14.32327
2021-07-13,14.82900047302246,14.345385
2021-07-14,14.836750030517578,14.378713
2021-07-15,14.850250244140623,14.399957
2021-07-16,14.859000205993652,14.421012
2021-07-19,14.906000137329102,14.468405
2021-07-20,14.92650032043457,14.507916
2021-07-21,14.96125030517578,14.538058
2021-07-22,14.96399974822998,14.563252
2021-07-23,14.99174976348877,14.622767
2021-07-26,15.009499549865724,14.628913
2021-07-27,15.08199977874756,14.642753
2021-07-28,15.093999862670898,14.653303
2021-07-29,15.130000114440918,14.672113
2021-07-30,15.152000427246094,14.6904335
2021-08-02,15.159000396728516,14.714999
2021-08-03,15.163999557495115,14.748053
2021-08-04,15.171250343322754,14.759067
2021-08-05,15.206000328063965,14.775703
2021-08-06,15.208999633789062,14.780255
2021-08-09,15.250749588012695,14.811808
2021-08-10,15.265250205993652,14.827478
2021-08-11,15.27674961090088,14.884332
2021-08-12,15.277000427246094,14.892203
2021-08-13,15.31700038909912,14.917526
2021-08-16,15.324749946594238,14.931796
2021-08-17,15.330249786376951,14.969153
2021-08-18,15.33899974822998,14.974154
2021-08-19,15.36050033569336,14.983215
2021-08-20,15.361749649047852,14.999973
2021-08-23,15.371999740600586,15.006475
2021-08-24,15.381750106811523,15.059961
2021-08-25,15.409000396728516,15.072347
2021-08-26,15.468000411987305,15.102118
2021-08-27,15.477999687194824,15.124958
2021-08-30,15.48799991607666,15.145055
2021-08-31,15.541999816894531,15.169217
2021-09-01,15.60099983215332,15.187789
2021-09-02,15.612000465393066,15.202161
2021-09-03,15.628000259399414,15.224332
2021-09-07,15.638999938964844,15.287559
2021-09-08,15.647000312805176,15.294526
2021-09-09,15.647749900817873,15.317542
2021-09-10,15.677000045776367,15.366223
2021-09-13,15.679499626159668,15.382346
2021-09-14,15.699999809265137,15.404378
2021-09-15,15.75,15.423303
2021-09-16,15.76200008392334,15.446822
2021-09-17,15.800999641418455,15.507701
2021-09-20,15.82699966430664,15.613271
2021-09-21,15.836000442504885,15.617303
2021-09-22,15.838000297546388,15.62998
2021-09-23,15.857999801635742,15.700427
2021-09-24,15.880000114440918,15.731019
2021-09-27,15.909000396728516,15.747786
2021-09-28,15.90999984741211,15.770912
2021-09-29,15.912500381469728,15.793972
2021-09-30,15.982000350952148,15.874365
2021-10-01,15.987000465393066,15.898236
2021-10-04,16.000999450683594,15.913723
2021-10-05,16.038000106811523,15.936547
2021-10-06,16.084999084472656,15.952694
2021-10-07,16.10099983215332,16.002804
2021-10-08,16.1200008392334,16.01534
2021-10-11,16.137250900268555,16.049234
2021-10-12,16.15399932861328,16.078623
2021-10-13,16.174999237060547,16.099245
2021-10-14,16.225000381469727,16.115257
2021-10-15,16.24449920654297,16.12765
2021-10-18,16.253999710083008,16.1674
2021-10-19,16.260000228881836,16.190128
2021-10-20,16.26449966430664,16.307852
2021-10-21,16.270000457763672,16.347284
2021-10-22,16.295000076293945,16.36428
2021-10-25,16.32699966430664,16.393679
2021-10-26,16.360000610351562,16.419508
2021-10-27,16.500999450683594,16.472948
2021-10-28,16.51099967956543,16.501581
2021-10-29,16.518999099731445,16.535515
2021-11-01,16.527000427246094,16.568594
2021-11-02,16.533000946044922,16.598951
2021-11-03,16.56599998474121,16.612917
2021-11-04,16.570999145507812,16.643906
2021-11-05,16.610000610351562,16.671574
2021-11-08,16.6299991607666,16.687986
2021-11-09,16.666000366210938,16.702375
2021-11-10,16.694000244140625,16.71086
2021-11-11,16.764999389648438,16.743448
2021-11-12,16.778249740600586,16.777025
2021-11-15,16.868999481201172,16.81721
2021-11-16,16.875999450683594,16.835924
2021-11-17,16.898000717163086,16.846106
2021-11-18,16.89900016784668,16.85941
2021-11-19,16.92300033569336,16.875536
2021-11-22,16.937999725341797,16.889954
2021-11-23,16.950000762939453,16.937471
2021-11-24,16.95199966430664,16.958303
2021-11-26,16.969749450683594,16.979206
2021-11-29,16.974000930786133,16.99756
2021-11-30,16.975000381469727,17.012932
2021-12-01,16.992000579833984,17.031813
2021-12-02,17.000999450683594,17.053421
2021-12-03,17.02400016784668,17.070501
2021-12-06,17.034000396728516,17.079874
2021-12-07,17.086000442504883,17.11349
2021-12-08,17.124000549316406,17.131332
2021-12-09,17.125999450683594,17.152187
2021-12-10,17.135000228881836,17.158567
2021-12-13,17.16900062561035,17.181553
2021-12-14,17.180999755859375,17.206339
2021-12-15,17.222000122070312,17.242014
2021-12-16,17.263999938964844,17.257786
2021-12-17,17.319000244140625,17.304617
2021-12-20,17.35824966430664,17.31995
2021-12-21,17.37700080871582,17.330818
2021-12-22,17.424999237060547,17.34653
2021-12-23,17.457000732421875,17.40957
2021-12-27,17.53499984741211,17.43045
2021-12-28,17.578250885009766,17.44461
2021-12-29,17.594999313354492,17.47564
2021-12-30,17.618999481201172,17.493258
2021-12-31,17.673999786376953,17.505434
2022-01-03,17.70199966430664,17.518011
2022-01-04,17.70599937438965,17.540735
2022-01-05,17.78849983215332,17.565416
2022-01-06,17.790000915527344,17.57965
2022-01-07,17.792999267578125,17.593151
2022-01-10,17.80699920654297,17.608093
2022-01-11,17.81024932861328,17.643606
2022-01-12,17.82525062561035,17.662596
2022-01-13,17.839000701904297,17.69473
2022-01-14,17.849000930786133,17.708456
2022-01-18,17.85099983215332,17.715506
2022-01-19,17.913000106811523,17.773169
2022-01-20,17.941999435424805,17.803816
2022-01-21,17.983999252319336,17.83824
2022-01-24,18.018749237060547,17.852713
2022-01-25,18.04800033569336,17.886972
2022-01-26,18.049999237060547,17.902987
2022-01-27,18.07200050354004,17.941277
2022-01-28,18.097000122070312,17.971495
2022-01-31,18.160999298095703,18.023918
2022-02-01,18.163000106811523,18.035822
2022-02-02,18.177000045776367,18.059645
2022-02-03,18.31999969482422,18.11261
2022-02-04,18.334999084472656,18.143785
2022-02-07,18.415000915527344,18.176435
2022-02-08,18.427249908447266,18.186651
2022-02-09,18.44099998474121,18.207312
2022-02-10,18.525999069213867,18.244257
2022-02-11,18.54700088500977,18.31729
2022-02-14,18.61199951171875,18.364882
2022-02-15,18.638750076293945,18.39998
2022-02-16,18.64800071716309,18.423325
2022-02-17,18.657249450683594,18.44476
2022-02-18,18.67200088500977,18.46124
2022-02-22,18.674999237060547,18.489063
2022-02-23,18.708999633789062,18.568914
2022-02-24,18.719999313354492,18.57959
2022-02-25,18.77300071716309,18.58784
2022-02-28,18.77975082397461,18.612272
2022-03-01,18.785999298095703,18.638144
2022-03-02,18.788000106811523,18.656466
2022-03-03,18.81100082397461,18.695719
2022-03-04,18.8439998626709,18.721949
2022-03-07,18.878999710083008,18.796503
2022-03-08,18.886749267578125,18.870087
2022-03-09,18.89299964904785,18.901476
2022-03-10,18.926000595092773,18.911255
2022-03-11,18.966249465942383,18.952524
2022-03-14,18.98900032043457,18.971024
2022-03-15,19.0310001373291,18.981031
2022-03-16,19.031999588012695,18.996523
2022-03-17,19.040000915527344,19.014278
2022-03-18,19.057249069213867,19.055532
2022-03-21,19.16200065612793,19.099249
2022-03-22,19.19300079345703,19.159788
2022-03-23,19.20549964904785,19.206148
2022-03-24,19.20800018310547,19.221006
2022-03-25,19.21500015258789,19.22755
2022-03-28,19.26499938964844,19.236876
2022-03-29,19.29400062561035,19.260633
2022-03-30,19.322999954223633,19.307844
2022-03-31,19.40999984741211,19.336254
2022-04-01,19.45800018310547,19.38938
2022-04-04,19.499000549316406,19.409632
2022-04-05,19.503000259399418,19.462261
2022-04-06,19.51499938964844,19.497583
2022-04-07,19.53300094604492,19.504557
2022-04-08,19.53700065612793,19.599966
2022-04-11,19.558000564575195,19.61849
2022-04-12,19.59199905395508,19.637775
2022-04-13,19.5939998626709,19.66598
2022-04-14,19.60199928283691,19.687716
2022-04-18,19.66200065612793,19.720549
2022-04-19,19.698999404907227,19.730062
2022-04-20,19.73200035095215,19.747187
2022-04-21,19.75,19.78078
2022-04-22,19.781999588012695,19.79125
2022-04-25,19.79800033569336,19.816118
2022-04-26,19.802000045776367,19.823668
2022-04-27,19.815000534057617,19.831738
2022-04-28,19.84149932861328,19.899683
2022-04-29,19.902000427246097,19.928555
2022-05-02,19.90275001525879,19.978811
2022-05-03,19.905000686645508,19.996157
2022-05-04,19.93600082397461,20.023832
2022-05-05,19.950000762939453,20.05157
2022-05-06,19.98500061035156,20.068201
2022-05-09,20.002500534057617,20.113346
2022-05-10,20.026750564575195,20.14233
2022-05-11,20.050249099731445,20.20092
2022-05-12,20.183000564575195,20.259914
2022-05-13,20.187999725341797,20.273745
2022-05-16,20.211999893188477,20.279505
2022-05-17,20.25,20.305117
2022-05-18,20.27400016784668,20.34955
2022-05-19,20.295000076293945,20.355297
2022-05-20,20.333999633789062,20.382668
2022-05-23,20.364999771118164,20.41364
2022-05-24,20.36599922180176,20.437952
2022-05-25,20.371749877929688,20.464506
2022-05-26,20.451000213623047,20.577126
2022-05-27,20.48699951171875,20.632378
2022-05-31,20.512500762939453,20.669153
2022-06-01,20.517000198364254,20.73312
2022-06-02,20.636999130249023,20.781359
2022-06-03,20.655000686645508,20.80814
2022-06-06,20.67099952697754,20.827394
2022-06-07,20.69499969482422,20.846125
2022-06-08,20.69849967956543,20.86749
2022-06-09,20.698999404907227,20.908691
2022-06-10,20.700000762939453,20.929726
2022-06-13,20.715999603271484,20.968447
2022-06-14,20.742000579833984,20.986368
2022-06-15,20.753999710083008,21.0372
2022-06-16,20.81599998474121,21.053915
2022-06-17,20.83099937438965,21.09141
2022-06-21,20.93899917602539,21.123556
2022-06-22,20.94300079345703,21.217585
2022-06-23,21.075000762939453,21.2494
2022-06-24,21.089000701904297,21.276377
2022-06-27,21.100000381469727,21.296902
2022-06-28,21.113000869750977,21.376707
2022-06-29,21.246000289916992,21.433413
2022-06-30,21.257999420166016,21.456621
2022-07-01,21.26499938964844,21.490274
2022-07-05,21.329999923706055,21.531189
2022-07-06,21.35199928283691,21.559443
2022-07-07,21.38800048828125,21.570393
2022-07-08,21.48200035095215,21.597906
2022-07-11,21.503999710083008,21.61055
2022-07-12,21.513999938964844,21.650759
2022-07-13,21.65999984741211,21.713415
2022-07-14,21.708999633789062,21.738213
2022-07-15,21.746000289916992,21.778769
2022-07-18,21.78300094604492,21.850096
2022-07-19,21.788000106811523,21.876822
2022-07-20,21.792999267578125,21.911371
2022-07-21,21.86199951171875,21.947824
2022-07-22,21.899999618530273,21.97748
2022-07-25,21.91699981689453,22.03012
2022-07-26,21.94099998474121,22.067818
2022-07-27,21.944000244140625,22.073431
2022-07-28,21.95800018310547,22.07464
2022-07-29,22.00200080871582,22.080427
2022-08-01,22.06800079345703,22.109205
2022-08-02,22.08099937438965,22.127722
2022-08-03,22.100000381469727,22.156507
2022-08-04,22.10300064086914,22.194048
2022-08-05,22.152000427246097,22.21728
2022-08-08,22.17300033569336,22.23103
2022-08-09,22.177000045776367,22.245607
2022-08-10,22.197999954223633,22.263647
2022-08-11,22.20299911499023,22.284105
2022-08-12,22.204999923706055,22.312557
2022-08-15,22.21299934387207,22.323097
2022-08-16,22.222000122070312,22.329592
2022-08-17,22.242000579833984,22.348959
2022-08-18,22.242000579833984,22.366331
2022-08-19,22.290000915527344,22.403097
2022-08-22,22.323999404907227,22.417912
2022-08-23,22.336999893188477,22.46316
2022-08-24,22.339000701904297,22.486404
2022-08-25,22.340999603271484,22.528347
2022-08-26,22.385000228881836,22.558569
2022-08-29,22.386999130249023,22.588783
2022-08-30,22.395999908447266,22.606232
2022-08-31,22.44099998474121,22.640844
2022-09-01,22.47800064086914,22.665932
2022-09-02,22.48200035095215,22.673054
2022-09-06,22.63599967956543,22.719696
2022-09-07,22.65800094604492,22.740217
2022-09-08,22.66200065612793,22.779078
2022-09-09,22.687999725341797,22.820356
2022-09-12,22.691999435424805,22.83052
2022-09-13,22.697999954223633,22.884752
2022-09-14,22.72599983215332,22.930927
2022-09-15,22.763999938964844,22.990986
2022-09-16,22.77199935913086,23.034365
2022-09-19,22.84000015258789,23.062197
2022-09-20,22.843000411987305,23.075293
2022-09-21,22.93600082397461,23.13938
2022-09-22,22.96500015258789,23.164648
2022-09-23,22.965999603271484,23.206783
2022-09-26,22.97100067138672,23.301493
2022-09-27,22.972999572753903,23.318369
2022-09-28,23.013999938964844,23.39591
2022-09-29,23.118999481201172,23.45373
2022-09-30,23.166000366210938,23.51938
2022-10-03,23.215999603271484,23.594316
2022-10-04,23.285999298095703,23.660948
2022-10-05,23.288000106811523,23.76003
2022-10-06,23.31399917602539,23.784563
2022-10-07,23.371999740600582,23.81
2022-10-10,23.374000549316406,23.853258
2022-10-11,23.38999938964844,23.862822
2022-10-12,23.43600082397461,23.95051
2022-10-13,23.47699928283691,23.986094
2022-10-14,23.500999450683594,23.993608
2022-10-17,23.554000854492188,24.012228
2022-10-18,23.642000198364254,24.046972
2022-10-19,23.663999557495117,24.064234
2022-10-20,23.714000701904297,24.094038
2022-10-21,23.74799919128418,24.139278
2022-10-24,23.88999938964844,24.173807
2022-10-25,23.947999954223633,24.204018
2022-10-26,23.948999404907227,24.244822
2022-10-27,24.062999725341797,24.279375
2022-10-28,24.149999618530273,24.344732
2022-10-31,24.156999588012695,24.392437
2022-11-01,24.180999755859375,24.40917
2022-11-02,24.20800018310547,24.490763
2022-11-03,24.219999313354492,24.520351
2022-11-04,24.22800064086914,24.559061
2022-11-07,24.267000198364254,24.582748
2022-11-08,24.319000244140625,24.674196
2022-11-09,24.385000228881836,24.727869
2022-11-10,24.406999588012695,24.82274
2022-11-11,24.451000213623047,24.869997
2022-11-14,24.486000061035156,24.887476
2022-11-15,24.496000289916992,24.900637
2022-11-16,24.506999969482425,24.920753
2022-11-17,24.63800048828125,24.96054
2022-11-18,24.71699905395508,24.986113
2022-11-21,24.72800064086914,25.02094
2022-11-22,24.766000747680664,25.08586
2022-11-23,24.94099998474121,25.142374
2022-11-25,25.066999435424805,25.208952
2022-11-28,25.107999801635746,25.326431
2022-11-29,25.242000579833984,25.347824
2022-11-30,25.541000366210938,25.453701
2022-12-01,25.566999435424805,25.50857
2022-12-02,25.63400077819824,25.597958
2022-12-05,25.725000381469727,25.721094
2022-12-06,25.823999404907227,25.787115
2022-12-07,25.82699966430664,25.841755
2022-12-08,25.899999618530273,25.876425
2022-12-09,25.902999877929688,25.912962
2022-12-12,25.930999755859375,26.057512
2022-12-13,26.198999404907227,26.109007
2022-12-14,26.24099922180176,26.12501
2022-12-15,26.400999069213867,26.184324
2022-12-16,26.40999984741211,26.217508
2022-12-19,26.45299911499023,26.456297
2022-12-20,26.46299934387207,26.491535
2022-12-21,26.468000411987305,26.510952
2022-12-22,26.4950008392334,26.534945
2022-12-23,26.4950008392334,26.561993
2022-12-27,26.51099967956543,26.585695
2022-12-28,26.52400016784668,26.612143
2022-12-29,26.5310001373291,26.65291
2022-12-30,26.575000762939453,26.690247
2023-01-03,26.597999572753903,26.701712
2023-01-04,26.704999923706055,26.735497
2023-01-05,26.711999893188477,26.77287
2023-01-06,26.733999252319336,26.784485
2023-01-09,26.757999420166016,26.899109
2023-01-10,26.77899932861328,26.943739
2023-01-11,26.881000518798828,26.992327
2023-01-12,26.941999435424805,27.018902
2023-01-13,26.95599937438965,27.049349
2023-01-17,26.983999252319336,27.065056
2023-01-18,27.00200080871582,27.085032
2023-01-19,27.03700065612793,27.134577
2023-01-20,27.04199981689453,27.155708
2023-01-23,27.104000091552734,27.19824
2023-01-24,27.118999481201172,27.20619
2023-01-25,27.16900062561035,27.29408
2023-01-26,27.19099998474121,27.301094
2023-01-27,27.22599983215332,27.395384
2023-01-30,27.246999740600582,27.405333
2023-01-31,27.285999298095703,27.451036
2023-02-01,27.36000061035156,27.491385
2023-02-02,27.382999420166016,27.578627
2023-02-03,27.399999618530273,27.632412
2023-02-06,27.45299911499023,27.69261
2023-02-07,27.562000274658203,27.713404
2023-02-08,27.57900047302246,27.837141
2023-02-09,27.604000091552734,27.928715
2023-02-10,27.66699981689453,27.979418
2023-02-13,27.690000534057617,28.00974
2023-02-14,27.691999435424805,28.019075
2023-02-15,27.7189998626709,28.052383
2023-02-16,27.749000549316406,28.061974
2023-02-17,27.777000427246097,28.09222
2023-02-21,27.801000595092773,28.114782
2023-02-22,27.802000045776367,28.126472
2023-02-23,27.816999435424805,28.160765
2023-02-24,27.930999755859375,28.203201
2023-02-27,27.96500015258789,28.246857
2023-02-28,27.999000549316406,28.294033
2023-03-01,28.149999618530273,28.34008
2023-03-02,28.160999298095703,28.36468
2023-03-03,28.17799949645996,28.397623
2023-03-06,28.209999084472656,28.416124
2023-03-07,28.2189998626709,28.438818
2023-03-08,28.336999893188477,28.48674
2023-03-09,28.34000015258789,28.519573
2023-03-10,28.386999130249023,28.537374
2023-03-13,28.570999145507812,28.592848
2023-03-14,28.57799911499023,28.626955
2023-03-15,28.6560001373291,28.75086
2023-03-16,28.68000030517578,28.768436
2023-03-17,28.885000228881836,28.822012
2023-03-20,28.90999984741211,28.856316
2023-03-21,28.95299911499023,28.903633
2023-03-22,29.075000762939453,28.996426
2023-03-23,29.150999069213867,29.090637
2023-03-24,29.21299934387207,29.164894
2023-03-27,29.26099967956543,29.173964
2023-03-28,29.290000915527344,29.198326
2023-03-29,29.399999618530273,29.248178
2023-03-30,29.410999298095703,29.290064
2023-03-31,29.458999633789062,29.449417
2023-04-03,29.586000442504883,29.479095
2023-04-04,29.63999938964844,29.499186
2023-04-05,29.75200080871582,29.631727
2023-04-06,29.801000595092773,29.662678
2023-04-10,30.000999450683594,29.717031
2023-04-11,30.024999618530273,29.789492
2023-04-12,30.03700065612793,29.845976
2023-04-13,30.121000289916992,29.877245
2023-04-14,30.17799949645996,29.918852
2023-04-17,30.197999954223633,29.96312
2023-04-18,30.20299911499023,29.995953
2023-04-19,30.32200050354004,30.075302
2023-04-20,30.38999938964844,30.161308
2023-04-21,30.38999938964844,30.195797
2023-04-24,30.458999633789062,30.222029
2023-04-25,30.489999771118164,30.276423
2023-04-26,30.538000106811523,30.27954
2023-04-27,30.656999588012695,30.36868
2023-04-28,30.687999725341797,30.39284
2023-05-01,30.69300079345703,30.440676
2023-05-02,30.804000854492188,30.722013
2023-05-03,30.94499969482422,30.791733
2023-05-04,31.176000595092773,30.89346
2023-05-05,31.263999938964844,30.928814
2023-05-08,31.434999465942383,30.996037
2023-05-09,31.503000259399418,31.116648
2023-05-10,31.674999237060547,31.18817
2023-05-11,31.67799949645996,31.204077
2023-05-12,31.746000289916992,31.25556
2023-05-15,31.826000213623047,31.342903
2023-05-16,31.95599937438965,31.541649
2023-05-17,32.125999450683594,31.587275
2023-05-18,32.426998138427734,31.739954
2023-05-19,32.67399978637695,31.87803
2023-05-22,32.67599868774414,31.989088
2023-05-23,32.98500061035156,32.11548
2023-05-24,33.375999450683594,32.361717
2023-05-25,37.474998474121094,34.08905
2023-05-26,37.83399963378906,34.321224
2023-05-30,37.97999954223633,34.341976
2023-05-31,38.5099983215332,34.49552
2023-06-01,38.65399932861328,34.645958
2023-06-02,38.77000045776367,34.81222
2023-06-05,38.94599914550781,34.88388
2023-06-06,39.17100143432617,34.96724
2023-06-07,39.32699966430664,35.035698
2023-06-08,39.48199844360352,35.25186
2023-06-09,39.77000045776367,35.369354
2023-06-12,40.11100006103515,35.528664
2023-06-13,40.32600021362305,35.693108
2023-06-14,40.5,35.754623
2023-06-15,40.63199996948242,35.831905
2023-06-16,40.779998779296875,35.920475
2023-06-20,40.821998596191406,35.94204
2023-06-21,40.85499954223633,36.02905
2023-06-22,41.016998291015625,36.21502
2023-06-23,41.02199935913086,36.22799
2023-06-26,41.117000579833984,36.267265
2023-06-27,41.1609992980957,36.307613
2023-06-28,41.387001037597656,36.361053
2023-06-29,41.61000061035156,36.442905
2023-06-30,41.77899932861328,36.529022
2023-07-03,41.875999450683594,36.623817
2023-07-05,41.9109992980957,36.732788
2023-07-06,42.10100173950195,36.827232
2023-07-07,42.10300064086914,36.918053
2023-07-10,42.18000030517578,37.063263
2023-07-11,42.19599914550781,37.162704
2023-07-12,42.20899963378906,37.19333
2023-07-13,42.22200012207031,37.292084
2023-07-14,42.23899841308594,37.37004
2023-07-17,42.301998138427734,37.39142
2023-07-18,42.31700134277344,37.423492
2023-07-19,42.32500076293945,37.483658
2023-07-20,42.38800048828125,37.526207
2023-07-21,42.404998779296875,37.538887
2023-07-24,42.41299819946289,37.556156
2023-07-25,42.46799850463867,37.62437
2023-07-26,42.50299835205078,37.69142
2023-07-27,42.55400085449219,37.735626
2023-07-28,42.65299987792969,37.826187
2023-07-31,42.69200134277344,37.893692
2023-08-01,42.974998474121094,38.00663
2023-08-02,42.99700164794922,38.029827
2023-08-03,43.025001525878906,38.048958
2023-08-04,43.04499816894531,38.055573
2023-08-07,43.0890007019043,38.095173
2023-08-08,43.29899978637695,38.22952
2023-08-09,43.34400177001953,38.245033
2023-08-10,43.48600006103515,38.313972
2023-08-11,43.499000549316406,38.367283
2023-08-14,43.50600051879883,38.37619
2023-08-15,43.516998291015625,38.389153
2023-08-16,43.52000045776367,38.519604
2023-08-17,43.66299819946289,38.587337
2023-08-18,43.75299835205078,38.63654
2023-08-21,43.80799865722656,38.765244
2023-08-22,43.900001525878906,38.834328
2023-08-23,43.902000427246094,38.924454
2023-08-24,43.9379997253418,39.05938
2023-08-25,43.939998626708984,39.091995
2023-08-28,43.96599960327149,39.18673
2023-08-29,44.04100036621094,39.2655
2023-08-30,44.26900100708008,39.305195
2023-08-31,44.30899810791016,39.33973
2023-09-01,44.51499938964844,39.446228
2023-09-05,44.61199951171875,39.542233
2023-09-06,44.66400146484375,39.578598
2023-09-07,44.68000030517578,39.626488
2023-09-08,44.6879997253418,39.643204
2023-09-11,44.78200149536133,39.68213
2023-09-12,44.869998931884766,39.71614
2023-09-13,45.005001068115234,39.785484
2023-09-14,45.178001403808594,39.86181
2023-09-15,45.27299880981445,39.886734
2023-09-18,45.41699981689453,40.049763
2023-09-19,45.45199966430664,40.102684
2023-09-20,45.46099853515625,40.162876
2023-09-21,45.46900177001953,40.179157
2023-09-22,45.48500061035156,40.259857
2023-09-25,45.50299835205078,40.27944
2023-09-26,45.5099983215332,40.372643
2023-09-27,45.52000045776367,40.414192
2023-09-28,45.571998596191406,40.424355
2023-09-29,45.58100128173828,40.445137
2023-10-02,45.667999267578125,40.477196
2023-10-03,45.67900085449219,40.53517
2023-10-04,45.750999450683594,40.561256
2023-10-05,45.762001037597656,40.576206
2023-10-06,45.79800033569336,40.62789
2023-10-09,45.900001525878906,40.653446
2023-10-10,45.95500183105469,40.67269
2023-10-11,45.97700119018555,40.768112
2023-10-12,46.01800155639648,40.86427
2023-10-13,46.095001220703125,40.91304
2023-10-16,46.24100112915039,40.946873
2023-10-17,46.46099853515625,41.02129
2023-10-18,46.50699996948242,41.036438
2023-10-19,46.56600189208984,41.10369
2023-10-20,46.57400131225586,41.199673
2023-10-23,46.59600067138672,41.25502
2023-10-24,46.62699890136719,41.294594
2023-10-25,46.729000091552734,41.325966
2023-10-26,46.75,41.40654
2023-10-27,46.76499938964844,41.461994
2023-10-30,46.77000045776367,41.504173
2023-10-31,46.805999755859375,41.533546
2023-11-01,46.834999084472656,41.547886
2023-11-02,46.94499969482422,41.60559
2023-11-03,46.95000076293945,41.65089
2023-11-06,46.96699905395508,41.727192
2023-11-07,47.06100082397461,41.83923
2023-11-08,47.07699966430664,41.869762
2023-11-09,47.11600112915039,41.894146
2023-11-10,47.16299819946289,41.945793
2023-11-13,47.49399948120117,42.024437
2023-11-14,47.50600051879883,42.18194
2023-11-15,47.569000244140625,42.30988
2023-11-16,47.65700149536133,42.508312
2023-11-17,47.7760009765625,42.608856
2023-11-20,47.82099914550781,42.648895
2023-11-21,47.99800109863281,42.812565
2023-11-22,48.0880012512207,42.8538
2023-11-24,48.11100006103515,42.92832
2023-11-27,48.13999938964844,42.96804
2023-11-28,48.167999267578125,43.070892
2023-11-29,48.242000579833984,43.13472
2023-11-30,48.334999084472656,43.236298
2023-12-01,48.349998474121094,43.320213
2023-12-04,48.50899887084961,43.36738
2023-12-05,48.54800033569336,43.526028
2023-12-06,48.619998931884766,43.592777
2023-12-07,48.71599960327149,43.72024
2023-12-08,48.78400039672851,43.789185
2023-12-11,48.83000183105469,43.836586
2023-12-12,48.88800048828125,43.88115
2023-12-13,48.88999938964844,44.051334
2023-12-14,48.9900016784668,44.080475
2023-12-15,49.09700012207031,44.125694
2023-12-18,49.26399993896485,44.156303
2023-12-19,49.27899932861328,44.18371
2023-12-20,49.29800033569336,44.298668
2023-12-21,49.35499954223633,44.401245
2023-12-22,49.41699981689453,44.453953
2023-12-26,49.47999954223633,44.47119
2023-12-27,49.52199935913086,44.552727
2023-12-28,49.52199935913086,44.558304
2023-12-29,49.604000091552734,44.60843
2024-01-02,49.65599822998047,44.701843
2024-01-03,49.944000244140625,44.783184
2024-01-04,50.07699966430664,44.882225
2024-01-05,50.40900039672851,45.00828
2024-01-08,52.25299835205078,45.61168
2024-01-09,53.13999938964844,46.30483
2024-01-10,54.349998474121094,46.781082
2024-01-11,54.709999084472656,46.84095
2024-01-12,54.821998596191406,47.02311
2024-01-16,56.053001403808594,47.430084
2024-01-17,56.38199996948242,47.54367
2024-01-18,57.10699844360352,48.061604
