Date,Adj Close,Guess Adj Close
2018-01-02,3.1514296531677246,2.8244348
2018-01-03,3.1739962100982666,3.016559
2018-01-04,3.2131781578063965,3.032679
2018-01-05,3.2528555393218994,3.0593376
2018-01-08,3.263519525527954,3.0598996
2018-01-09,3.3007185459136963,3.087733
2018-01-10,3.3106377124786377,3.090835
2018-01-11,3.314357280731201,3.1156518
2018-01-12,3.324790954589844,3.1472447
2018-01-16,3.350315570831299,3.1516798
2018-01-17,3.3665432929992676,3.159281
2018-01-18,3.3773462772369385,3.1630638
2018-01-19,3.378089666366577,3.16593
2018-01-22,3.407104730606079,3.1768935
2018-01-23,3.4224798679351807,3.1815488
2018-01-24,3.434878349304199,3.1863077
2018-01-25,3.4572553634643555,3.193106
2018-01-26,3.467613935470581,3.20079
2018-01-29,3.4838478565216064,3.2167284
2018-01-30,3.511186122894287,3.2217348
2018-01-31,3.5358104705810547,3.2490633
2018-02-01,3.5539329051971436,3.2529778
2018-02-02,3.556145191192627,3.2540004
2018-02-05,3.558073043823242,3.2622645
2018-02-06,3.5606088638305664,3.2759995
2018-02-07,3.564824342727661,3.277493
2018-02-08,3.573317289352417,3.2806084
2018-02-09,3.584796905517578,3.2893825
2018-02-12,3.585044860839844,3.2940075
2018-02-13,3.5891273021698,3.2960563
2018-02-14,3.592228889465332,3.2974293
2018-02-15,3.5946905612945557,3.2980788
2018-02-16,3.6015264987945557,3.3060732
2018-02-20,3.6032521724700928,3.3075893
2018-02-21,3.6043834686279297,3.3153915
2018-02-22,3.6160638332366943,3.3179739
2018-02-23,3.6317813396453857,3.3198614
2018-02-26,3.6317813396453857,3.3269484
2018-02-27,3.633460998535156,3.333699
2018-02-28,3.643933057785034,3.3385627
2018-03-01,3.655836582183838,3.3424704
2018-03-02,3.657121419906616,3.3449008
2018-03-05,3.660548448562622,3.3573852
2018-03-06,3.67443585395813,3.3606076
2018-03-07,3.674931287765503,3.3688672
2018-03-08,3.6846578121185303,3.370133
2018-03-09,3.688882350921631,3.3754761
2018-03-12,3.689314603805542,3.3757913
2018-03-13,3.690802574157715,3.3779778
2018-03-14,3.69105076789856,3.3788202
2018-03-15,3.6922900676727295,3.3881185
2018-03-16,3.692538261413574,3.3898757
2018-03-19,3.6933069229125977,3.3921554
2018-03-20,3.69733214378357,3.39313
2018-03-21,3.699481964111328,3.4009597
2018-03-22,3.7022109031677246,3.4046953
2018-03-23,3.7052805423736577,3.4057453
2018-03-26,3.7165935039520264,3.4079294
2018-03-27,3.7185773849487305,3.408433
2018-03-28,3.7296409606933594,3.4227087
2018-03-29,3.730729103088379,3.422657
2018-04-02,3.7395384311676025,3.4257157
2018-04-03,3.746540784835815,3.4283025
2018-04-04,3.7475345134735103,3.4293735
2018-04-05,3.748831272125244,3.435282
2018-04-06,3.7624707221984863,3.4366333
2018-04-09,3.763937473297119,3.440693
2018-04-10,3.76468276977539,3.443167
2018-04-11,3.7659428119659424,3.4543488
2018-04-12,3.7670934200286865,3.456484
2018-04-13,3.771641731262207,3.4606655
2018-04-16,3.774540901184082,3.4614856
2018-04-17,3.778264284133911,3.470186
2018-04-18,3.786304712295532,3.4717252
2018-04-19,3.7912380695343018,3.4747012
2018-04-20,3.791660070419311,3.4775808
2018-04-23,3.79400897026062,3.4860294
2018-04-24,3.794213771820069,3.4894326
2018-04-25,3.799476623535156,3.491733
2018-04-26,3.805442571640014,3.4960375
2018-04-27,3.80850601196289,3.502216
2018-04-30,3.824577569961548,3.517573
2018-05-01,3.829401969909668,3.518457
2018-05-02,3.82979679107666,3.51983
2018-05-03,3.8317854404449463,3.523063
2018-05-04,3.832155227661133,3.5323937
2018-05-07,3.84926176071167,3.532321
2018-05-08,3.8539791107177734,3.5425756
2018-05-09,3.862906455993652,3.5446367
2018-05-10,3.8782589435577393,3.5474648
2018-05-11,3.883768081665039,3.5474122
2018-05-14,3.884481191635132,3.550059
2018-05-15,3.885505437850952,3.5522645
2018-05-16,3.8857533931732178,3.5553114
2018-05-17,3.891672611236572,3.55929
2018-05-18,3.8919601440429688,3.5601914
2018-05-21,3.895888566970825,3.5603988
2018-05-22,3.8961360454559326,3.5718057
2018-05-23,3.901840686798096,3.5786228
2018-05-24,3.902336359024048,3.582116
2018-05-25,3.9070887565612793,3.5878193
2018-05-29,3.909574031829834,3.597873
2018-05-30,3.914239645004273,3.598725
2018-05-31,3.925398826599121,3.601939
2018-06-01,3.931846618652344,3.6040666
2018-06-04,3.933184146881103,3.6057093
2018-06-05,3.933416843414306,3.6086967
2018-06-06,3.9353187084198,3.6097274
2018-06-07,3.947717666625977,3.6108885
2018-06-08,3.958036422729492,3.6199996
2018-06-11,3.961467981338501,3.6281173
2018-06-12,3.9654924869537354,3.6343768
2018-06-13,3.965573072433472,3.6424255
2018-06-14,3.971524715423584,3.6456492
2018-06-15,3.9766106605529785,3.6511245
2018-06-18,3.977918863296509,3.6569998
2018-06-19,3.982143640518189,3.6599877
2018-06-20,4.000194072723389,3.6667511
2018-06-21,4.006002426147461,3.6775253
2018-06-22,4.010714054107666,3.6789796
2018-06-25,4.021162509918213,3.6894405
2018-06-26,4.02253532409668,3.6980014
2018-06-27,4.0318498611450195,3.7013981
2018-06-28,4.034451961517334,3.7025027
2018-06-29,4.0370683670043945,3.7079036
2018-07-02,4.044771671295166,3.7090592
2018-07-03,4.052865028381348,3.7099125
2018-07-05,4.056702613830566,3.712136
2018-07-06,4.073587894439697,3.725527
2018-07-09,4.0815558433532715,3.7269332
2018-07-10,4.084102153778076,3.7290514
2018-07-11,4.098703861236572,3.730121
2018-07-12,4.109918117523193,3.7340171
2018-07-13,4.111875057220459,3.738663
2018-07-16,4.129770278930664,3.7526805
2018-07-17,4.132503509521484,3.7743275
2018-07-18,4.152385711669922,3.7751365
2018-07-19,4.154505729675293,3.7778902
2018-07-20,4.157106399536133,3.778412
2018-07-23,4.165555953979492,3.7838166
2018-07-24,4.1671929359436035,3.7956622
2018-07-25,4.172018051147461,3.8043458
2018-07-26,4.1858811378479,3.8188841
2018-07-27,4.186184883117676,3.8387764
2018-07-30,4.190845012664795,3.8496788
2018-07-31,4.193143367767334,3.8511643
2018-08-01,4.194072246551514,3.8568628
2018-08-02,4.198288917541504,3.8589003
2018-08-03,4.215420722961426,3.8630598
2018-08-06,4.216783046722412,3.8639812
2018-08-07,4.217746734619141,3.8677664
2018-08-08,4.224854469299316,3.869516
2018-08-09,4.229428291320801,3.8710244
2018-08-10,4.244339466094971,3.8725452
2018-08-13,4.255523204803467,3.8849037
2018-08-14,4.2577595710754395,3.8879254
2018-08-15,4.2617363929748535,3.8889759
2018-08-16,4.272920608520508,3.8950195
2018-08-17,4.292075157165527,3.8970938
2018-08-20,4.296057224273682,3.9069057
2018-08-21,4.2973408699035645,3.907563
2018-08-22,4.3047637939453125,3.910455
2018-08-23,4.308956623077393,3.9123394
2018-08-24,4.313973426818848,3.932041
2018-08-27,4.317448616027832,3.9320323
2018-08-28,4.328645706176758,3.9355505
2018-08-29,4.32936429977417,3.9385273
2018-08-30,4.330386161804199,3.942096
2018-08-31,4.3447442054748535,3.9432592
2018-09-04,4.349542617797852,3.945016
2018-09-05,4.350958347320557,3.9518483
2018-09-06,4.360400676727295,3.956968
2018-09-07,4.361884117126465,3.9602554
2018-09-10,4.365620136260986,3.970206
2018-09-11,4.381495475769043,3.9789748
2018-09-12,4.390678882598877,3.979798
2018-09-13,4.400114059448242,3.9821875
2018-09-14,4.4017863273620605,4.0031657
2018-09-17,4.406320571899414,4.004233
2018-09-18,4.408999443054199,4.005986
2018-09-19,4.411736011505127,4.0253024
2018-09-20,4.420965671539307,4.025112
2018-09-21,4.433876037597656,4.0364246
2018-09-24,4.440178394317627,4.0362835
2018-09-25,4.444324493408203,4.040006
2018-09-26,4.451747894287109,4.0480466
2018-09-27,4.457458019256592,4.056428
2018-09-28,4.464657783508301,4.057591
2018-10-01,4.471441745758057,4.058245
2018-10-02,4.47741174697876,4.0704618
2018-10-03,4.480049133300781,4.071029
2018-10-04,4.4831342697143555,4.0800457
2018-10-05,4.490347862243652,4.096703
2018-10-08,4.493205547332764,4.0994678
2018-10-09,4.495572090148926,4.099766
2018-10-10,4.504528045654297,4.1008816
2018-10-11,4.510499477386475,4.1007924
2018-10-12,4.524980545043945,4.1071763
2018-10-15,4.526171684265137,4.108311
2018-10-16,4.526918411254883,4.111755
2018-10-17,4.542853832244873,4.12907
2018-10-18,4.543101787567139,4.1304407
2018-10-19,4.547570705413818,4.1444726
2018-10-22,4.553287982940674,4.165033
2018-10-23,4.557019233703613,4.169165
2018-10-24,4.566188335418701,4.177461
2018-10-25,4.58413553237915,4.17613
2018-10-26,4.585054874420166,4.184333
2018-10-29,4.585628509521484,4.1906033
2018-10-30,4.585628509521484,4.2038097
2018-10-31,4.59854793548584,4.2099094
2018-11-01,4.624774932861328,4.22669
2018-11-02,4.62692403793335,4.229231
2018-11-05,4.639916896820068,4.2328687
2018-11-06,4.640357971191406,4.241848
2018-11-07,4.649349689483643,4.247051
2018-11-08,4.672189235687256,4.258603
2018-11-09,4.6734299659729,4.280505
2018-11-12,4.678643226623535,4.280897
2018-11-13,4.682366847991943,4.286313
2018-11-14,4.695662021636963,4.287822
2018-11-15,4.698254108428955,4.29172
2018-11-16,4.716872215270996,4.293185
2018-11-19,4.733256816864014,4.306642
2018-11-20,4.738872051239014,4.3176517
2018-11-21,4.740208625793457,4.3352633
2018-11-23,4.745668888092041,4.346306
2018-11-26,4.754854679107666,4.3417506
2018-11-27,4.76106071472168,4.3433456
2018-11-28,4.768755912780762,4.34371
2018-11-29,4.83141565322876,4.3429976
2018-11-30,4.833406448364258,4.3467083
2018-12-03,4.853307723999023,4.360214
2018-12-04,4.866243839263916,4.373297
2018-12-06,4.876194477081299,4.3743334
2018-12-07,4.885150909423828,4.369143
2018-12-10,4.885182857513428,4.3767605
2018-12-11,4.892426013946533,4.383048
2018-12-12,4.897339344024658,4.3838315
2018-12-13,4.912435054779053,4.3944683
2018-12-14,4.929879665374756,4.420061
2018-12-17,4.937705039978027,4.422817
2018-12-18,4.940182209014893,4.442626
2018-12-19,5.000829219818115,4.442685
2018-12-20,5.014008522033691,4.453749
2018-12-21,5.029121398925781,4.4584074
2018-12-24,5.039887428283691,4.456454
2018-12-26,5.048096656799316,4.4676466
2018-12-27,5.050086975097656,4.4859924
2018-12-28,5.0523529052734375,4.486641
2018-12-31,5.079690933227539,4.5006404
2019-01-02,5.08839750289917,4.5012565
2019-01-03,5.095266819000244,4.5099907
2019-01-04,5.103194236755371,4.511365
2019-01-07,5.125339984893799,4.5142765
2019-01-08,5.144372463226318,4.565593
2019-01-09,5.149027347564697,4.5681763
2019-01-10,5.16526985168457,4.571192
2019-01-11,5.169000148773193,4.5740867
2019-01-14,5.169826984405518,4.576953
2019-01-15,5.174224376678467,4.5799913
2019-01-16,5.178950786590576,4.5815973
2019-01-17,5.1829328536987305,4.5831137
2019-01-18,5.188652992248535,4.59098
2019-01-22,5.196713924407959,4.595627
2019-01-23,5.209410190582275,4.603218
2019-01-24,5.213642597198486,4.607753
2019-01-25,5.214526653289795,4.6102037
2019-01-28,5.214526653289795,4.6103096
2019-01-29,5.219002723693848,4.6207876
2019-01-30,5.2231011390686035,4.621889
2019-01-31,5.228705883026123,4.626159
2019-02-01,5.228800296783447,4.6330237
2019-02-04,5.23666524887085,4.6546335
2019-02-05,5.246369361877441,4.6673145
2019-02-06,5.246389865875244,4.671303
2019-02-07,5.253581523895264,4.684366
2019-02-08,5.254334926605225,4.6859574
2019-02-11,5.280947685241699,4.697769
2019-02-12,5.2820329666137695,4.711158
2019-02-13,5.282106399536133,4.7149515
2019-02-14,5.282106399536133,4.728962
2019-02-15,5.284754276275635,4.7305245
2019-02-19,5.296431064605713,4.7329946
2019-02-20,5.298218250274658,4.735037
2019-02-21,5.301647186279297,4.738339
2019-02-22,5.305194854736328,4.740403
2019-02-25,5.324426174163818,4.74988
2019-02-26,5.326793670654297,4.761054
2019-02-27,5.3271684646606445,4.76266
2019-02-28,5.330352306365967,4.7623825
2019-03-01,5.361283779144287,4.763955
2019-03-04,5.379221439361572,4.770129
2019-03-05,5.388394832611084,4.7727594
2019-03-06,5.39587926864624,4.7741165
2019-03-07,5.398367881774902,4.7944374
2019-03-08,5.403456211090088,4.7933526
2019-03-11,5.410815238952637,4.79737
2019-03-12,5.412308692932129,4.8064694
2019-03-13,5.43322229385376,4.8062577
2019-03-14,5.443270683288574,4.805353
2019-03-15,5.469913959503174,4.8096647
2019-03-18,5.473625659942627,4.816077
2019-03-19,5.476539134979248,4.8198595
2019-03-20,5.477338790893555,4.823454
2019-03-21,5.478080749511719,4.8233976
2019-03-22,5.488528251647949,4.8363442
2019-03-25,5.490012168884277,4.8431597
2019-03-26,5.503101825714111,4.843584
2019-03-27,5.514246940612793,4.861396
2019-03-28,5.531556606292725,4.866352
2019-03-29,5.539943218231201,4.8709154
2019-04-01,5.54144811630249,4.872966
2019-04-02,5.550351619720459,4.881581
2019-04-03,5.557276725769043,4.8881364
2019-04-04,5.565183162689209,4.8919353
2019-04-05,5.573101043701172,4.897458
2019-04-08,5.576318264007568,4.906434
2019-04-09,5.5763726234436035,4.91341
2019-04-10,5.578363418579102,4.9188375
2019-04-11,5.578543186187744,4.922282
2019-04-12,5.580524444580078,4.9381895
2019-04-15,5.598343372344971,4.943372
2019-04-16,5.598343372344971,4.95181
2019-04-17,5.600073337554932,4.953013
2019-04-18,5.600568771362305,4.9542856
2019-04-22,5.605250835418701,4.960843
2019-04-23,5.620611667633057,4.9653463
2019-04-24,5.639132022857666,4.9678802
2019-04-25,5.6396660804748535,4.974469
2019-04-26,5.658172607421875,4.986123
2019-04-29,5.6594624519348145,5.004344
2019-04-30,5.667628288269043,5.010065
2019-05-01,5.677455902099609,5.023446
2019-05-02,5.68342399597168,5.0298223
2019-05-03,5.6905694007873535,5.0297728
2019-05-06,5.713796138763428,5.043943
2019-05-07,5.728242874145508,5.0519075
2019-05-08,5.72825288772583,5.0540943
2019-05-09,5.728500843048096,5.056628
2019-05-10,5.730728626251221,5.0609083
2019-05-13,5.739285945892334,5.064651
2019-05-14,5.746070384979248,5.086686
2019-05-15,5.752888202667236,5.107416
2019-05-16,5.764878273010254,5.12524
2019-05-17,5.765372276306152,5.1324186
2019-05-20,5.774897575378418,5.133212
2019-05-21,5.779101848602295,5.139864
2019-05-22,5.783754348754883,5.148466
2019-05-23,5.805210113525391,5.1560297
2019-05-24,5.825109481811523,5.172014
2019-05-28,5.831194877624512,5.177217
2019-05-29,5.831282138824463,5.181155
2019-05-30,5.831302642822266,5.191637
2019-05-31,5.836532115936279,5.192441
2019-06-03,5.844883441925049,5.198447
2019-06-04,5.849009990692139,5.202262
2019-06-05,5.853216648101807,5.202628
2019-06-06,5.8579421043396,5.2270384
2019-06-07,5.861926078796387,5.228518
2019-06-10,5.864264488220215,5.232752
2019-06-11,5.865751266479492,5.2450237
2019-06-12,5.87711238861084,5.266897
2019-06-13,5.8779616355896,5.2703896
2019-06-14,5.886073112487793,5.2849674
2019-06-17,5.897027015686035,5.3189945
2019-06-18,5.90175724029541,5.3238826
2019-06-19,5.908191204071045,5.3326044
2019-06-20,5.91557502746582,5.3342347
2019-06-21,5.920719146728516,5.334612
2019-06-24,5.9341139793396,5.349226
2019-06-25,5.940596103668213,5.3576927
2019-06-26,5.945576190948486,5.3587494
2019-06-27,5.947511672973633,5.367009
2019-06-28,5.9547858238220215,5.388583
2019-07-01,5.959266662597656,5.394992
2019-07-02,5.96358060836792,5.3969336
2019-07-03,5.963802337646484,5.407472
2019-07-05,5.968033790588379,5.4098935
2019-07-08,5.970263481140137,5.410038
2019-07-09,5.972488880157471,5.41293
2019-07-10,5.972710132598877,5.4226484
2019-07-11,5.973208904266357,5.4285975
2019-07-12,5.9799299240112305,5.4307003
2019-07-15,5.9831671714782715,5.430908
2019-07-16,5.9843668937683105,5.4462967
2019-07-17,5.98441219329834,5.4516554
2019-07-18,5.984613418579102,5.4625607
2019-07-19,5.988326072692871,5.4703336
2019-07-22,5.991781711578369,5.4710455
2019-07-23,5.992037296295166,5.4722486
2019-07-24,5.992284297943115,5.472224
2019-07-25,5.997971534729004,5.477071
2019-07-26,5.999451160430908,5.4783616
2019-07-29,6.002411842346191,5.4811335
2019-07-30,6.005646705627441,5.4830165
2019-07-31,6.010103702545166,5.4860764
2019-08-01,6.0174970626831055,5.492195
2019-08-02,6.021566390991211,5.494605
2019-08-05,6.03010892868042,5.4952803
2019-08-06,6.043753147125244,5.4990063
2019-08-07,6.044768810272217,5.4990416
2019-08-08,6.049692630767822,5.5130806
2019-08-09,6.050135612487793,5.5137796
2019-08-12,6.055001735687256,5.523577
2019-08-13,6.061854362487793,5.528928
2019-08-14,6.0628437995910645,5.5324707
2019-08-15,6.070725440979004,5.5369806
2019-08-16,6.075925350189209,5.537765
2019-08-19,6.076419353485107,5.539835
2019-08-20,6.078579902648926,5.545062
2019-08-21,6.082500457763672,5.554302
2019-08-22,6.085572719573975,5.5624223
2019-08-23,6.085821151733398,5.564306
2019-08-26,6.086723327636719,5.5663867
2019-08-27,6.087554454803467,5.568364
2019-08-28,6.088789939880371,5.576352
2019-08-29,6.090190887451172,5.580019
2019-08-30,6.095890998840332,5.583599
2019-09-03,6.101658821105957,5.5843287
2019-09-04,6.102708339691162,5.5998235
2019-09-05,6.1045451164245605,5.601489
2019-09-06,6.107780456542969,5.6252365
2019-09-09,6.112873077392578,5.626507
2019-09-10,6.113620281219482,5.626624
2019-09-11,6.114039421081543,5.6451845
2019-09-12,6.118523120880127,5.6501474
2019-09-13,6.119595050811768,5.6657233
2019-09-16,6.124001502990723,5.6682215
2019-09-17,6.12895393371582,5.689357
2019-09-18,6.129201889038086,5.6978216
2019-09-19,6.12962007522583,5.707155
2019-09-20,6.12962007522583,5.7139797
2019-09-23,6.1329145431518555,5.718302
2019-09-24,6.136630535125732,5.722173
2019-09-25,6.139695644378662,5.751383
2019-09-26,6.145543575286865,5.7597566
2019-09-27,6.15065336227417,5.7829456
2019-09-30,6.152456283569336,5.7858167
2019-10-01,6.153622627258301,5.8219924
2019-10-02,6.155107498168945,5.8233223
2019-10-03,6.155200004577637,5.844265
2019-10-04,6.156191349029541,5.850279
2019-10-07,6.1581711769104,5.855241
2019-10-08,6.159693241119385,5.8789415
2019-10-09,6.169955253601074,5.8799887
2019-10-10,6.171542167663574,5.880886
2019-10-11,6.172286510467529,5.8919215
2019-10-14,6.172623157501221,5.9055843
2019-10-15,6.173274517059326,5.922929
2019-10-16,6.17336893081665,5.931101
2019-10-17,6.175502300262451,5.93958
2019-10-18,6.1758928298950195,5.945239
2019-10-21,6.180347442626953,5.946058
2019-10-22,6.19618558883667,5.949499
2019-10-23,6.197269439697266,5.955944
2019-10-24,6.198163986206055,5.962245
2019-10-25,6.205463886260986,5.96507
2019-10-28,6.205982685089111,5.969396
2019-10-29,6.207204818725586,5.971511
2019-10-30,6.2121500968933105,5.9732847
2019-10-31,6.213634490966797,5.974189
2019-11-01,6.2205681800842285,5.984318
2019-11-04,6.226644992828369,5.995951
2019-11-05,6.232204914093018,6.010892
2019-11-06,6.235857963562012,6.0180426
2019-11-07,6.236413955688477,6.02017
2019-11-08,6.240128040313721,6.020553
2019-11-11,6.240375518798828,6.023697
2019-11-12,6.242109298706055,6.0340924
2019-11-13,6.242827892303467,6.0369396
2019-11-14,6.244338035583496,6.053796
2019-11-15,6.263491630554199,6.0580254
2019-11-18,6.264145374298096,6.060839
2019-11-19,6.2705841064453125,6.0649915
2019-11-20,6.2723164558410645,6.069445
2019-11-21,6.273200511932373,6.070353
2019-11-22,6.2814788818359375,6.0965414
2019-11-25,6.289896011352539,6.1090355
2019-11-26,6.292398452758789,6.1112485
2019-11-27,6.295109272003174,6.128627
2019-11-29,6.29563570022583,6.132052
2019-12-02,6.298381805419922,6.1457844
2019-12-03,6.308714866638184,6.147002
2019-12-04,6.309952735900879,6.150635
2019-12-05,6.318918228149414,6.175
2019-12-06,6.3293137550354,6.178982
2019-12-09,6.329713344573975,6.1986446
2019-12-10,6.341645240783691,6.200037
2019-12-11,6.350065231323242,6.206557
2019-12-12,6.362196922302246,6.209528
2019-12-13,6.363891124725342,6.2414055
2019-12-16,6.366159915924072,6.252258
2019-12-17,6.374330520629883,6.2548866
2019-12-18,6.378786563873291,6.2683344
2019-12-19,6.398595809936523,6.268958
2019-12-20,6.407982349395752,6.2740192
2019-12-23,6.414937973022461,6.2819843
2019-12-24,6.436955451965332,6.28946
2019-12-26,6.441926956176758,6.2943397
2019-12-27,6.452572822570801,6.307726
2019-12-30,6.453068256378174,6.3164577
2019-12-31,6.4731245040893555,6.3201795
2020-01-02,6.494171142578125,6.325891
2020-01-03,6.494914531707764,6.335305
2020-01-06,6.497142791748047,6.344185
2020-01-07,6.5015974044799805,6.348477
2020-01-08,6.503639221191406,6.35543
2020-01-09,6.507541656494141,6.3590903
2020-01-10,6.509520530700684,6.3611164
2020-01-13,6.523900985717773,6.36465
2020-01-14,6.526707649230957,6.385086
2020-01-15,6.546803951263428,6.3948574
2020-01-16,6.550221920013428,6.403678
2020-01-17,6.557804107666016,6.408887
2020-01-21,6.563251972198486,6.4105334
2020-01-22,6.563748359680176,6.444463
2020-01-23,6.56523323059082,6.4612274
2020-01-24,6.566413879394531,6.4617395
2020-01-27,6.567956447601318,6.4715743
2020-01-28,6.578486919403076,6.4812207
2020-01-29,6.582449913024902,6.490159
2020-01-30,6.584183216094971,6.517749
2020-01-31,6.596817970275879,6.530346
2020-02-03,6.607079029083252,6.5408583
2020-02-04,6.608811378479004,6.550336
2020-02-05,6.612675189971924,6.5616655
2020-02-06,6.615985870361328,6.5677156
2020-02-07,6.623458385467529,6.577824
2020-02-10,6.624565601348877,6.5900726
2020-02-11,6.627195358276367,6.5958567
2020-02-12,6.644384860992432,6.6218333
2020-02-13,6.649587154388428,6.657941
2020-02-14,6.649864673614502,6.6739097
2020-02-18,6.663315773010254,6.679594
2020-02-19,6.669290065765381,6.6886816
2020-02-20,6.6855082511901855,6.6910367
2020-02-21,6.685983180999756,6.712051
2020-02-24,6.713634014129639,6.71504
2020-02-25,6.714247226715088,6.7297792
2020-02-26,6.722103595733643,6.734478
2020-02-27,6.7221760749816895,6.7727094
2020-02-28,6.727584362030029,6.791446
2020-03-02,6.735057830810547,6.793471
2020-03-03,6.738030910491943,6.7985687
2020-03-04,6.740289688110352,6.8177
2020-03-05,6.741237640380859,6.849212
2020-03-06,6.756363391876221,6.868154
2020-03-09,6.758344650268555,6.8747587
2020-03-10,6.7850565910339355,6.886835
2020-03-11,6.78633975982666,6.9083095
2020-03-12,6.793771266937256,6.9494987
2020-03-13,6.803477764129639,6.9753294
2020-03-16,6.806159019470215,6.979169
2020-03-17,6.807796478271484,7.0067887
2020-03-18,6.831408500671387,7.0218573
2020-03-19,6.848274230957031,7.0326395
2020-03-20,6.882464408874512,7.040029
2020-03-23,6.88601541519165,7.0555696
2020-03-24,6.897574424743652,7.1060624
2020-03-25,6.899310111999512,7.107891
2020-03-26,6.91912841796875,7.1169496
2020-03-27,6.9535651206970215,7.1242704
2020-03-30,6.961987018585205,7.142338
2020-03-31,6.995870590209961,7.152993
2020-04-01,7.028383255004883,7.1781216
2020-04-02,7.044197082519531,7.2328973
2020-04-03,7.073343276977539,7.23873
2020-04-06,7.074836254119873,7.259988
2020-04-07,7.087292671203613,7.26637
2020-04-08,7.097254276275635,7.2889576
2020-04-09,7.103446960449219,7.3026857
2020-04-13,7.128145694732666,7.3092384
2020-04-14,7.150565147399902,7.318144
2020-04-15,7.16860294342041,7.3500423
2020-04-16,7.213837623596191,7.365696
2020-04-17,7.214504241943359,7.372162
2020-04-20,7.256185531616211,7.3788023
2020-04-21,7.257929801940918,7.4072623
2020-04-22,7.28084659576416,7.414024
2020-04-23,7.281845092773437,7.4329157
2020-04-24,7.317217350006104,7.485023
2020-04-27,7.321057796478272,7.510057
2020-04-28,7.341131687164307,7.5196943
2020-04-29,7.383297920227051,7.5251126
2020-04-30,7.400418281555176,7.5594873
2020-05-01,7.41810417175293,7.5995345
2020-05-04,7.4347944259643555,7.610834
2020-05-05,7.594470500946045,7.649101
2020-05-06,7.685279846191406,7.6590843
2020-05-07,7.7521538734436035,7.6825514
2020-05-08,7.77457332611084,7.712817
2020-05-11,7.784538269042969,7.7592087
2020-05-12,7.834654808044434,7.8045397
2020-05-13,8.001760482788086,7.8417144
2020-05-14,8.036633491516113,7.9105177
2020-05-15,8.456624984741211,7.9705296
2020-05-18,8.460360527038574,8.026337
2020-05-19,8.49473762512207,8.07696
2020-05-20,8.686548233032227,8.10425
2020-05-21,8.718932151794434,8.159842
2020-05-22,8.738112449645996,8.166621
2020-05-26,8.739109992980957,8.179985
2020-05-27,8.743841171264648,8.23376
2020-05-28,8.768768310546875,8.242596
2020-05-29,8.7739839553833,8.256599
2020-06-01,8.774731636047363,8.26843
2020-06-02,8.777490615844727,8.269868
2020-06-03,8.793663024902344,8.298531
2020-06-04,8.843733787536621,8.318375
2020-06-05,8.892128944396973,8.341475
2020-06-08,8.90459156036377,8.368503
2020-06-09,8.937895774841309,8.394052
2020-06-10,8.99394416809082,8.443756
2020-06-11,9.017736434936523,8.477785
2020-06-12,9.040167808532717,8.492613
2020-06-15,9.126398086547852,8.509842
2020-06-16,9.145087242126465,8.545613
2020-06-17,9.171256065368652,8.589487
2020-06-18,9.189200401306152,8.6234
2020-06-19,9.206645965576172,8.636602
2020-06-22,9.207143783569336,8.705024
2020-06-23,9.23231315612793,8.751022
2020-06-24,9.337482452392578,8.766066
2020-06-25,9.420472145080566,8.812663
2020-06-26,9.46034812927246,8.892468
2020-06-29,9.468077659606934,8.92628
2020-06-30,9.496984481811523,8.978037
2020-07-01,9.50022315979004,8.986177
2020-07-02,9.58221435546875,9.023092
2020-07-06,9.80850601196289,9.113024
2020-07-07,9.84090518951416,9.138294
2020-07-08,10.020840644836426,9.156736
2020-07-09,10.098098754882812,9.210531
2020-07-10,10.103086471557615,9.224144
2020-07-13,10.16264820098877,9.249418
2020-07-14,10.169628143310549,9.278751
2020-07-15,10.18358039855957,9.300966
2020-07-16,10.18407917022705,9.354042
2020-07-17,10.195295333862305,9.399253
2020-07-20,10.296229362487791,9.415682
2020-07-21,10.34457778930664,9.432205
2020-07-22,10.388938903808594,9.4717045
2020-07-23,10.406135559082031,9.485838
2020-07-24,10.432801246643066,9.4939785
2020-07-27,10.44650936126709,9.51005
2020-07-28,10.47616481781006,9.583548
2020-07-29,10.477911949157717,9.661686
2020-07-30,10.58083724975586,9.693813
2020-07-31,10.581583976745604,9.754328
2020-08-03,10.816100120544434,9.795486
2020-08-04,10.975848197937012,9.858038
2020-08-05,11.130117416381836,9.870622
2020-08-06,11.164508819580078,9.897992
2020-08-07,11.192670822143556,9.915562
2020-08-10,11.215970993041992,9.955099
2020-08-11,11.251484870910645,9.9902725
2020-08-12,11.30008316040039,10.007763
2020-08-13,11.404508590698242,10.0243635
2020-08-14,11.407245635986328,10.070138
2020-08-17,11.488702774047852,10.096615
2020-08-18,11.527870178222656,10.16099
2020-08-19,11.563899993896484,10.182026
2020-08-20,11.574618339538574,10.186598
2020-08-21,11.65853500366211,10.222544
2020-08-24,11.876319885253906,10.255851
2020-08-25,11.879331588745115,10.275979
2020-08-26,11.948250770568848,10.300311
2020-08-27,11.955243110656738,10.311732
2020-08-28,12.039159774780272,10.325807
2020-08-31,12.064136505126951,10.333955
2020-09-01,12.089486122131348,10.354275
2020-09-02,12.100574493408203,10.358738
2020-09-03,12.103068351745604,10.395006
2020-09-04,12.127074241638184,10.431861
2020-09-08,12.130123138427734,10.470338
2020-09-09,12.154799461364746,10.475386
2020-09-10,12.182022094726562,10.516493
2020-09-11,12.207995414733888,10.552221
2020-09-14,12.215987205505373,10.612522
2020-09-15,12.222442626953123,10.62504
2020-09-16,12.276955604553224,10.657526
2020-09-17,12.298454284667969,10.68474
2020-09-18,12.313101768493652,10.705645
2020-09-21,12.338934898376465,10.719159
2020-09-22,12.400805473327637,10.745797
2020-09-23,12.42827606201172,10.755077
2020-09-24,12.42995262145996,10.75527
2020-09-25,12.440979957580566,10.775932
2020-09-28,12.453752517700195,10.799001
2020-09-29,12.479132652282717,10.840578
2020-09-30,12.4818754196167,10.891935
2020-10-01,12.492864608764648,10.938047
2020-10-02,12.498578071594238,10.940386
2020-10-05,12.49970817565918,10.961762
2020-10-06,12.503703117370604,10.96615
2020-10-07,12.507832527160645,10.972597
2020-10-08,12.545194625854492,11.011772
2020-10-09,12.54865837097168,11.016378
2020-10-12,12.582563400268556,11.025419
2020-10-13,12.586623191833496,11.032402
2020-10-14,12.58682632446289,11.041613
2020-10-15,12.588794708251951,11.06628
2020-10-16,12.591314315795898,11.133131
2020-10-19,12.602033615112305,11.155808
2020-10-20,12.615344047546388,11.190291
2020-10-21,12.64387321472168,11.213991
2020-10-22,12.67906379699707,11.256483
2020-10-23,12.680509567260742,11.2656555
2020-10-26,12.694672584533691,11.278257
2020-10-27,12.710164070129396,11.315346
2020-10-28,12.723487854003906,11.320694
2020-10-29,12.73309326171875,11.338623
2020-10-30,12.733909606933594,11.341554
2020-11-02,12.772335052490234,11.364109
2020-11-03,12.811166763305664,11.384663
2020-11-04,12.817652702331545,11.415399
2020-11-05,12.826944351196287,11.454727
2020-11-06,12.827880859375,11.458933
2020-11-09,12.835870742797852,11.501923
2020-11-10,12.83736801147461,11.508246
2020-11-11,12.843597412109377,11.53027
2020-11-12,12.867342948913574,11.545428
2020-11-13,12.883331298828123,11.573849
2020-11-16,12.885048866271973,11.585545
2020-11-17,12.898015022277832,11.609928
2020-11-18,12.910484313964844,11.617642
2020-11-19,12.916298866271973,11.64736
2020-11-20,12.919927597045898,11.648575
2020-11-23,12.921131134033203,11.677726
2020-11-24,12.939408302307127,11.702535
2020-11-25,12.9542875289917,11.764277
2020-11-27,12.956865310668944,11.79378
2020-11-30,12.960853576660156,11.947505
2020-12-01,12.96507740020752,11.961565
2020-12-02,12.976317405700684,11.989451
2020-12-03,12.978714942932127,11.993942
2020-12-04,12.980307579040527,12.002029
2020-12-07,12.982707023620604,12.027983
2020-12-08,12.987194061279297,12.041973
2020-12-09,12.992276191711426,12.078185
2020-12-10,12.998161315917969,12.085812
2020-12-11,13.017959594726562,12.088716
2020-12-14,13.021950721740724,12.10799
2020-12-15,13.025334358215332,12.114162
2020-12-16,13.042160034179688,12.119681
2020-12-17,13.050764083862305,12.12263
2020-12-18,13.08030128479004,12.128464
2020-12-21,13.102864265441896,12.140135
2020-12-22,13.104111671447754,12.146522
2020-12-23,13.106671333312988,12.158362
2020-12-24,13.112469673156738,12.190338
2020-12-28,13.115102767944336,12.236385
2020-12-29,13.117100715637209,12.256573
2020-12-30,13.1181001663208,12.275679
2020-12-31,13.15406322479248,12.298934
2021-01-04,13.157407760620115,12.305582
2021-01-05,13.162398338317873,12.311523
2021-01-06,13.163056373596191,12.316693
2021-01-07,13.163056373596191,12.345255
2021-01-08,13.166833877563477,12.34812
2021-01-11,13.18503475189209,12.367423
2021-01-12,13.188374519348145,12.381989
2021-01-13,13.19602394104004,12.410799
2021-01-14,13.197345733642578,12.427319
2021-01-15,13.2034912109375,12.462386
2021-01-19,13.206013679504396,12.474558
2021-01-20,13.208975791931152,12.505097
2021-01-21,13.223772048950195,12.531833
2021-01-22,13.23840045928955,12.544259
2021-01-25,13.243139266967772,12.548342
2021-01-26,13.244634628295898,12.589195
2021-01-27,13.24797248840332,12.611658
2021-01-28,13.24797248840332,12.624388
2021-01-29,13.259417533874512,12.699276
2021-02-01,13.26218032836914,12.742306
2021-02-02,13.273811340332031,12.749084
2021-02-03,13.27505588531494,12.761385
2021-02-04,13.29849624633789,12.812883
2021-02-05,13.30747413635254,12.836428
2021-02-08,13.310219764709473,12.837673
2021-02-09,13.312067985534668,12.841574
2021-02-10,13.316205978393556,12.868979
2021-02-11,13.31905460357666,12.875691
2021-02-12,13.323240280151367,12.900882
2021-02-16,13.326677322387695,12.959046
2021-02-17,13.331913948059082,12.9621105
2021-02-18,13.33271312713623,12.972204
2021-02-19,13.352161407470703,13.033593
2021-02-22,13.35888671875,13.054106
2021-02-23,13.36208724975586,13.056028
2021-02-24,13.363625526428224,13.094807
2021-02-25,13.368853569030762,13.098174
2021-02-26,13.370814323425291,13.152625
2021-03-01,13.372309684753418,13.156553
2021-03-02,13.380078315734863,13.212358
2021-03-03,13.384317398071287,13.220007
2021-03-04,13.39080047607422,13.238957
2021-03-05,13.401237487792969,13.261036
2021-03-08,13.402265548706056,13.262346
2021-03-09,13.407814025878906,13.321627
2021-03-10,13.418719291687012,13.413014
2021-03-11,13.44777488708496,13.421083
2021-03-12,13.450613021850586,13.430407
2021-03-15,13.459602355957031,13.435396
2021-03-16,13.477055549621582,13.465196
2021-03-17,13.483741760253906,13.469168
2021-03-18,13.486527442932127,13.472345
2021-03-19,13.492263793945312,13.543809
2021-03-22,13.496248245239258,13.57003
2021-03-23,13.497493743896484,13.643077
2021-03-24,13.50622272491455,13.658045
2021-03-25,13.522430419921877,13.695501
2021-03-26,13.523927688598633,13.698683
2021-03-29,13.52969455718994,13.721392
2021-03-30,13.551840782165527,13.72613
2021-03-31,13.556591987609863,13.744386
2021-04-01,13.57230281829834,13.745684
2021-04-05,13.576025009155272,13.753788
2021-04-06,13.587016105651855,13.783634
2021-04-07,13.592227935791016,13.792504
2021-04-08,13.603944778442385,13.802671
2021-04-09,13.606934547424316,13.818338
2021-04-12,13.618687629699709,13.82136
2021-04-13,13.629542350769045,13.834918
2021-04-14,13.629658699035645,13.874552
2021-04-15,13.635358810424805,13.91281
2021-04-16,13.67778491973877,13.926614
2021-04-19,13.679780960083008,13.97204
2021-04-20,13.697678565979004,14.024438
2021-04-21,13.70052719116211,14.089621
2021-04-22,13.72385311126709,14.09819
2021-04-23,13.728404998779297,14.11964
2021-04-26,13.755266189575195,14.145487
2021-04-27,13.762466430664062,14.175253
2021-04-28,13.772464752197266,14.202155
2021-04-29,13.78154182434082,14.222967
2021-04-30,13.781940460205078,14.232147
2021-05-03,13.799638748168944,14.255321
2021-05-04,13.806707382202148,14.277097
2021-05-05,13.820408821105955,14.283043
2021-05-06,13.83117961883545,14.335252
2021-05-07,13.83239459991455,14.359677
2021-05-10,13.919172286987305,14.394691
2021-05-11,13.924534797668455,14.3963375
2021-05-12,13.930517196655272,14.414858
2021-05-13,13.956905364990234,14.420773
2021-05-14,13.976255416870115,14.427842
2021-05-17,13.985092163085938,14.451332
2021-05-18,14.025797843933104,14.466336
2021-05-19,14.034984588623049,14.471648
2021-05-20,14.055415153503418,14.478052
2021-05-21,14.106199264526367,14.481791
2021-05-24,14.110736846923828,14.503302
2021-05-25,14.112563133239746,14.510156
2021-05-26,14.119980812072754,14.613518
2021-05-27,14.134514808654783,14.621407
2021-05-28,14.142091751098633,14.664526
2021-06-01,14.185797691345217,14.683483
2021-06-02,14.20798397064209,14.685772
2021-06-03,14.211847305297852,14.691027
2021-06-04,14.227143287658691,14.70369
2021-06-07,14.234545707702637,14.713655
2021-06-08,14.254632949829102,14.721586
2021-06-09,14.274958610534668,14.795132
2021-06-10,14.285687446594238,14.811593
2021-06-11,14.286951065063477,14.826307
2021-06-14,14.304594039916992,14.906424
2021-06-15,14.30595588684082,14.938745
2021-06-16,14.319406509399414,14.949924
2021-06-17,14.319859504699709,14.985107
2021-06-18,14.36850357055664,15.030116
2021-06-21,14.372864723205566,15.07823
2021-06-22,14.40219783782959,15.098591
2021-06-23,14.426875114440918,15.161612
2021-06-24,14.462294578552246,15.226037
2021-06-25,14.49074935913086,15.233714
2021-06-28,14.491232872009276,15.244201
2021-06-29,14.50442123413086,15.259215
2021-06-30,14.520846366882324,15.372126
2021-07-01,14.58053970336914,15.405619
2021-07-02,14.587655067443848,15.42722
2021-07-06,14.59238624572754,15.474491
2021-07-07,14.60338020324707,15.481281
2021-07-08,14.726873397827148,15.5592785
2021-07-09,14.738280296325684,15.581615
2021-07-12,14.779850959777832,15.611532
2021-07-13,14.791460037231444,15.62322
2021-07-14,14.80429744720459,15.6593895
2021-07-15,14.817770957946776,15.666954
2021-07-16,14.848199844360352,15.679593
2021-07-19,14.86826515197754,15.732352
2021-07-20,14.888713836669922,15.769399
2021-07-21,14.923375129699709,15.798784
2021-07-22,14.944859504699709,15.824788
2021-07-23,14.95896053314209,15.897827
2021-07-26,14.976669311523438,15.903614
2021-07-27,15.062707901000977,15.909634
2021-07-28,15.07469081878662,15.922785
2021-07-29,15.11064624786377,15.935459
2021-07-30,15.132617950439451,15.9537
2021-08-02,15.138068199157717,15.984396
2021-08-03,15.139609336853027,16.029352
2021-08-04,15.14460277557373,16.045006
2021-08-05,15.17573356628418,16.053764
2021-08-06,15.194947242736816,16.055717
2021-08-09,15.212141036987305,16.08739
2021-08-10,15.231861114501951,16.097647
2021-08-11,15.243335723876951,16.171888
2021-08-12,15.243586540222168,16.18535
2021-08-13,15.291229248046877,16.210558
2021-08-16,15.291440963745115,16.21871
2021-08-17,15.301952362060549,16.268242
2021-08-18,15.32690143585205,16.27151
2021-08-19,15.327850341796877,16.278543
2021-08-20,15.32814884185791,16.281397
2021-08-23,15.348105430603027,16.285582
2021-08-24,15.352335929870604,16.352608
2021-08-25,15.3938627243042,16.363977
2021-08-26,15.444146156311035,16.396248
2021-08-27,15.44821548461914,16.42106
2021-08-30,15.454124450683594,16.453312
2021-08-31,15.52211856842041,16.474457
2021-09-01,15.577853202819824,16.484486
2021-09-02,15.581042289733888,16.499804
2021-09-03,15.61352252960205,16.534395
2021-09-07,15.616641998291016,16.58964
2021-09-08,15.623634338378906,16.595749
2021-09-09,15.62698459625244,16.621008
2021-09-10,15.645206451416016,16.67832
2021-09-13,15.661598205566406,16.699268
2021-09-14,15.665661811828612,16.722143
2021-09-15,15.734526634216309,16.731428
2021-09-16,15.741835594177246,16.759516
2021-09-17,15.780787467956545,16.831078
2021-09-20,15.811450004577637,16.968016
2021-09-21,15.81574249267578,16.972738
2021-09-22,15.817741394042969,16.993725
2021-09-23,15.837716102600098,17.07163
2021-09-24,15.859686851501465,17.102966
2021-09-27,15.877695083618164,17.116907
2021-09-28,15.894370079040527,17.141615
2021-09-29,15.897438049316406,17.184965
2021-09-30,15.961556434631348,17.27477
2021-10-01,15.975379943847656,17.305758
2021-10-04,15.98936939239502,17.326153
2021-10-05,16.022245407104492,17.340876
2021-10-06,16.07331085205078,17.345572
2021-10-07,16.080402374267578,17.39873
2021-10-08,16.101951599121094,17.405783
2021-10-11,16.10828399658203,17.447458
2021-10-12,16.129926681518555,17.472223
2021-10-13,16.150896072387695,17.482086
2021-10-14,16.204242706298828,17.486877
2021-10-15,16.208967208862305,17.495058
2021-10-18,16.228923797607422,17.544613
2021-10-19,16.239198684692383,17.580812
2021-10-20,16.242183685302734,17.739609
2021-10-21,16.254016876220703,17.784279
2021-10-22,16.278993606567383,17.80169
2021-10-25,16.31096076965332,17.83322
2021-10-26,16.339073181152344,17.843344
2021-10-27,16.48900604248047,17.870564
2021-10-28,16.498998641967773,17.901934
2021-10-29,16.502771377563477,17.93943
2021-11-01,16.505859375,17.98127
2021-11-02,16.511852264404297,18.013075
2021-11-03,16.544809341430664,18.051935
2021-11-04,16.558956146240234,18.08914
2021-11-05,16.59792709350586,18.120394
2021-11-08,16.605215072631836,18.131304
2021-11-09,16.649625778198242,18.144457
2021-11-10,16.66912269592285,18.151709
2021-11-11,16.741548538208008,18.17612
2021-11-12,16.752811431884766,18.226461
2021-11-15,16.84741973876953,18.254232
2021-11-16,16.863733291625977,18.266268
2021-11-17,16.872819900512695,18.273335
2021-11-18,16.886716842651367,18.298697
2021-11-19,16.91069793701172,18.318691
2021-11-22,16.912757873535156,18.333513
2021-11-23,16.92473793029785,18.389605
2021-11-24,16.93263053894043,18.400156
2021-11-26,16.939678192138672,18.413454
2021-11-29,16.949703216552734,18.441603
2021-11-30,16.952289581298828,18.44555
2021-12-01,16.97026252746582,18.474535
2021-12-02,16.98863983154297,18.495203
2021-12-03,17.00222396850586,18.50366
2021-12-06,17.012210845947266,18.505625
2021-12-07,17.064144134521484,18.534334
2021-12-08,17.098482131958008,18.550753
2021-12-09,17.10409164428711,18.563639
2021-12-10,17.122543334960938,18.568743
2021-12-13,17.15652084350586,18.599445
2021-12-14,17.159021377563477,18.631012
2021-12-15,17.199970245361328,18.669104
2021-12-16,17.238269805908203,18.695702
2021-12-17,17.296844482421875,18.75582
2021-12-20,17.324254989624023,18.764948
2021-12-21,17.36437225341797,18.773264
2021-12-22,17.390869140625,18.780115
2021-12-23,17.418819427490234,18.869352
2021-12-27,17.522254943847656,18.882875
2021-12-28,17.5398006439209,18.888126
2021-12-29,17.568777084350586,18.91725
2021-12-30,17.580461502075195,18.923243
2021-12-31,17.66115379333496,18.930208
2022-01-03,17.67961311340332,18.945286
2022-01-04,17.689132690429688,18.972002
2022-01-05,17.753658294677734,19.001257
2022-01-06,17.76724624633789,19.012983
2022-01-07,17.770238876342773,19.022814
2022-01-10,17.77536392211914,19.037172
2022-01-11,17.78421974182129,19.08547
2022-01-12,17.79034423828125,19.100634
2022-01-13,17.82439422607422,19.12524
2022-01-14,17.82603645324707,19.144047
2022-01-18,17.8261661529541,19.157852
2022-01-19,17.890085220336914,19.196917
2022-01-20,17.919050216674805,19.22119
2022-01-21,17.96099281311035,19.25104
2022-01-24,17.983455657958984,19.257502
2022-01-25,18.024911880493164,19.304811
2022-01-26,18.02690696716309,19.306395
2022-01-27,18.058866500854492,19.33703
2022-01-28,18.073850631713867,19.371212
2022-01-31,18.125431060791016,19.405602
2022-02-01,18.13976669311523,19.41914
2022-02-02,18.1499080657959,19.447554
2022-02-03,18.29269790649414,19.480528
2022-02-04,18.31154441833496,19.514914
2022-02-07,18.38755798339844,19.529509
2022-02-08,18.391157150268555,19.532896
2022-02-09,18.41741180419922,19.578684
2022-02-10,18.50230407714844,19.602835
2022-02-11,18.519363403320312,19.704828
2022-02-14,18.57554817199707,19.75884
2022-02-15,18.602249145507812,19.803194
2022-02-16,18.62071228027344,19.82755
2022-02-17,18.624147415161133,19.848349
2022-02-18,18.64417266845703,19.868889
2022-02-22,18.64716911315918,19.90141
2022-02-23,18.685068130493164,19.985655
2022-02-24,18.692102432250977,20.007986
2022-02-25,18.742969512939453,20.030472
2022-02-28,18.74899101257324,20.047516
2022-03-01,18.75800323486328,20.069654
2022-03-02,18.760000228881836,20.08571
2022-03-03,18.78296661376953,20.140268
2022-03-04,18.815914154052734,20.148737
2022-03-07,18.849760055541992,20.239216
2022-03-08,18.85485076904297,20.33401
2022-03-09,18.868831634521484,20.367079
2022-03-10,18.897796630859375,20.380116
2022-03-11,18.929101943969727,20.430895
2022-03-14,18.964710235595703,20.443556
2022-03-15,18.99372673034668,20.456366
2022-03-16,19.002708435058594,20.47172
2022-03-17,19.007654190063477,20.49087
2022-03-18,19.019926071166992,20.528788
2022-03-21,19.148073196411133,20.577135
2022-03-22,19.16788101196289,20.648241
2022-03-23,19.170379638671875,20.706633
2022-03-24,19.17905044555664,20.724123
2022-03-25,19.190420150756836,20.735086
2022-03-28,19.250995635986328,20.745806
2022-03-29,19.256208419799805,20.763767
2022-03-30,19.3089542388916,20.818537
2022-03-31,19.371978759765625,20.829985
2022-04-01,19.41988945007324,20.89683
2022-04-04,19.46081161499023,20.913252
2022-04-05,19.46480178833008,20.972464
2022-04-06,19.485916137695312,21.006031
2022-04-07,19.50389289855957,21.017805
2022-04-08,19.519697189331055,21.131578
2022-04-11,19.522804260253903,21.147142
2022-04-12,19.55562400817871,21.158142
2022-04-13,19.56280517578125,21.216135
2022-04-14,19.57278633117676,21.23035
2022-04-18,19.623491287231445,21.253965
2022-04-19,19.66041374206543,21.258022
2022-04-20,19.69682502746582,21.27458
2022-04-21,19.71132469177246,21.309742
2022-04-22,19.752519607543945,21.321503
2022-04-25,19.75922584533691,21.345652
2022-04-26,19.77619171142578,21.364796
2022-04-27,19.7876033782959,21.376085
2022-04-28,19.80263900756836,21.453787
2022-04-29,19.86376953125,21.474234
2022-05-02,19.866016387939453,21.537973
2022-05-03,19.87234115600586,21.548876
2022-05-04,19.896957397460938,21.572235
2022-05-05,19.910926818847656,21.591534
2022-05-06,19.945859909057617,21.601198
2022-05-09,19.96332359313965,21.6407
2022-05-10,19.987525939941406,21.669733
2022-05-11,20.01097869873047,21.731102
2022-05-12,20.148460388183594,21.78469
2022-05-13,20.152923583984375,21.796598
2022-05-16,20.17241668701172,21.812428
2022-05-17,20.21034049987793,21.836554
2022-05-18,20.234291076660156,21.891214
2022-05-19,20.2552490234375,21.916643
2022-05-20,20.30369758605957,21.94311
2022-05-23,20.32611083984375,21.968538
2022-05-24,20.331850051879883,22.000383
2022-05-25,20.350196838378903,22.02313
2022-05-26,20.41454315185547,22.157698
2022-05-27,20.446874618530273,22.209265
2022-05-31,20.472326278686523,22.254911
2022-06-01,20.48042678833008,22.319769
2022-06-02,20.59658432006836,22.36424
2022-06-03,20.63415145874023,22.39189
2022-06-06,20.63998794555664,22.434038
2022-06-07,20.657958984375,22.442179
2022-06-08,20.658109664916992,22.466831
2022-06-09,20.662097930908203,22.505136
2022-06-10,20.66309928894043,22.531286
2022-06-13,20.67907333374023,22.57554
2022-06-14,20.705028533935547,22.591515
2022-06-15,20.73891830444336,22.639978
2022-06-16,20.77523422241211,22.64842
2022-06-17,20.793865203857425,22.684465
2022-06-21,20.901676177978516,22.69877
2022-06-22,20.92777633666992,22.81597
2022-06-23,21.037431716918945,22.832758
2022-06-24,21.073673248291016,22.85755
2022-06-27,21.07536506652832,22.876364
2022-06-28,21.08466339111328,22.953367
2022-06-29,21.2081241607666,23.015081
2022-06-30,21.226318359375,23.049967
2022-07-01,21.24954414367676,23.07454
2022-07-05,21.29821395874023,23.113853
2022-07-06,21.320178985595703,23.137716
2022-07-07,21.372453689575195,23.157448
2022-07-08,21.44998359680176,23.179396
2022-07-11,21.471952438354492,23.19267
2022-07-12,21.48194122314453,23.25821
2022-07-13,21.62139320373535,23.29646
2022-07-14,21.693220138549805,23.320122
2022-07-15,21.70723342895508,23.364576
2022-07-18,21.750320434570312,23.447163
2022-07-19,21.75053977966309,23.484581
2022-07-20,21.77216339111328,23.520792
2022-07-21,21.823026657104492,23.55686
2022-07-22,21.860963821411133,23.57107
2022-07-25,21.884336471557617,23.6368
2022-07-26,21.90188980102539,23.678823
2022-07-27,21.90756607055664,23.680943
2022-07-28,21.91499710083008,23.691462
2022-07-29,21.98600959777832,23.704077
2022-08-01,22.0247802734375,23.755169
2022-08-02,22.0416316986084,23.771025
2022-08-03,22.0635986328125,23.79351
2022-08-04,22.06707000732422,23.825739
2022-08-05,22.112512588500977,23.841127
2022-08-08,22.137468338012695,23.860437
2022-08-09,22.156883239746097,23.871344
2022-08-10,22.164918899536133,23.885616
2022-08-11,22.16948890686035,23.89977
2022-08-12,22.169910430908203,23.936193
2022-08-15,22.18238639831543,23.940939
2022-08-16,22.188861846923828,23.950354
2022-08-17,22.202354431152344,23.962908
2022-08-18,22.202354431152344,23.981321
2022-08-19,22.250267028808594,24.015062
2022-08-22,22.286935806274418,24.02979
2022-08-23,22.299175262451172,24.079126
2022-08-24,22.30117416381836,24.110851
2022-08-25,22.32076644897461,24.165606
2022-08-26,22.3450927734375,24.193048
2022-08-29,22.349828720092773,24.242636
2022-08-30,22.356077194213867,24.258705
2022-08-31,22.4009952545166,24.295946
2022-09-01,22.43793296813965,24.31431
2022-09-02,22.441923141479492,24.316637
2022-09-06,22.59166717529297,24.346006
2022-09-07,22.621601104736328,24.366262
2022-09-08,22.624237060546875,24.412989
2022-09-09,22.643564224243164,24.46102
2022-09-12,22.651548385620117,24.466639
2022-09-13,22.681501388549805,24.542654
2022-09-14,22.68549156188965,24.606253
2022-09-15,22.734188079833984,24.6648
2022-09-16,22.747455596923828,24.726229
2022-09-19,22.802078247070312,24.754448
2022-09-20,22.80228042602539,24.766481
2022-09-21,22.901819229125977,24.830687
2022-09-22,22.93876266479492,24.840466
2022-09-23,22.95220375061035,24.908464
2022-09-26,22.953203201293945,25.033697
2022-09-27,22.95430374145508,25.039255
2022-09-28,22.97970199584961,25.141392
2022-09-29,23.084548950195312,25.189087
2022-09-30,23.124706268310547,25.255192
2022-10-03,23.199125289916992,25.313498
2022-10-04,23.26907539367676,25.390766
2022-10-05,23.275026321411133,25.49716
2022-10-06,23.297054290771484,25.51586
2022-10-07,23.333194732666016,25.537146
2022-10-10,23.33519172668457,25.584595
2022-10-11,23.351165771484375,25.593645
2022-10-12,23.422945022583008,25.69537
2022-10-13,23.438018798828125,25.721462
2022-10-14,23.48391914367676,25.724077
2022-10-17,23.536880493164062,25.738897
2022-10-18,23.60274314880371,25.768274
2022-10-19,23.646799087524418,25.795816
2022-10-20,23.67865753173828,25.829575
2022-10-21,23.708574295043945,25.86691
2022-10-24,23.872636795043945,25.880272
2022-10-25,23.908239364624023,25.911589
2022-10-26,23.909238815307617,25.973839
2022-10-27,24.04959297180176,25.997995
2022-10-28,24.10990524291992,26.059652
2022-10-31,24.116886138916016,26.115305
2022-11-01,24.167530059814453,26.129717
2022-11-02,24.171924591064453,26.227333
2022-11-03,24.18390464782715,26.261747
2022-11-04,24.214502334594727,26.288673
2022-11-07,24.22670555114746,26.308308
2022-11-08,24.278621673583984,26.425344
2022-11-09,24.344512939453125,26.47693
2022-11-10,24.370624542236328,26.60676
2022-11-11,24.407411575317383,26.629644
2022-11-14,24.44534683227539,26.659515
2022-11-15,24.45949363708496,26.668306
2022-11-16,24.466310501098633,26.68748
2022-11-17,24.597091674804688,26.743475
2022-11-18,24.672937393188477,26.784513
2022-11-21,24.686939239501953,26.825363
2022-11-22,24.72909164428711,26.857834
2022-11-23,24.89653968811035,26.898745
2022-11-25,25.025381088256836,26.943907
2022-11-28,25.06631088256836,27.057142
2022-11-29,25.200090408325195,27.096853
2022-11-30,25.521427154541016,27.232027
2022-12-01,25.526771545410156,27.251194
2022-12-02,25.59579849243164,27.299238
2022-12-05,25.710670471191406,27.404865
2022-12-06,25.780960083007812,27.492155
2022-12-07,25.781118392944336,27.534168
2022-12-08,25.85999298095703,27.560259
2022-12-09,25.885570526123047,27.617037
2022-12-12,25.892356872558594,27.769773
2022-12-13,26.184402465820312,27.806356
2022-12-14,26.226377487182617,27.821764
2022-12-15,26.35393524169922,27.870493
2022-12-16,26.395288467407227,27.905296
2022-12-19,26.41357421875,28.20445
2022-12-20,26.448257446289062,28.234873
2022-12-21,26.451011657714844,28.24977
2022-12-22,26.45325088500977,28.298521
2022-12-23,26.466983795166016,28.322443
2022-12-27,26.480239868164062,28.34126
2022-12-28,26.484472274780273,28.354326
2022-12-29,26.51622009277344,28.392874
2022-12-30,26.530874252319336,28.425709
2023-01-03,26.55058479309082,28.436472
2023-01-04,26.66065788269043,28.469828
2023-01-05,26.67219352722168,28.52807
2023-01-06,26.69415855407715,28.531904
2023-01-09,26.743093490600582,28.66678
2023-01-10,26.764081954956055,28.73095
2023-01-11,26.866025924682617,28.775496
2023-01-12,26.89726448059082,28.784853
2023-01-13,26.94097900390625,28.816813
2023-01-17,26.968965530395508,28.85197
2023-01-18,26.986955642700195,28.868258
2023-01-19,27.02194023132324,28.920736
2023-01-20,27.02693748474121,28.929142
2023-01-23,27.08890151977539,28.98237
2023-01-24,27.10388946533203,28.995913
2023-01-25,27.15386390686035,29.100962
2023-01-26,27.175851821899418,29.116224
2023-01-27,27.20176124572754,29.22757
2023-01-30,27.210832595825195,29.229568
2023-01-31,27.245332717895508,29.26493
2023-02-01,27.31922721862793,29.290026
2023-02-02,27.354507446289062,29.368368
2023-02-03,27.36774444580078,29.430542
2023-02-06,27.437705993652344,29.47846
2023-02-07,27.54664421081543,29.487871
2023-02-08,27.558170318603516,29.644156
2023-02-09,27.56363296508789,29.785927
2023-02-10,27.64873695373535,29.83987
2023-02-13,27.650733947753903,29.891539
2023-02-14,27.651588439941406,29.897165
2023-02-15,27.67297744750977,29.913544
2023-02-16,27.73354148864746,29.922146
2023-02-17,27.75484085083008,29.950708
2023-02-21,27.76152610778809,29.975895
2023-02-22,27.77081298828125,29.99183
2023-02-23,27.786510467529297,30.035856
2023-02-24,27.915437698364254,30.066494
2023-02-27,27.949419021606445,30.106565
2023-02-28,27.9525146484375,30.167086
2023-03-01,28.10804748535156,30.19661
2023-03-02,28.114242553710938,30.205294
2023-03-03,28.13121223449707,30.246572
2023-03-06,28.17694854736328,30.272596
2023-03-07,28.19428062438965,30.314615
2023-03-08,28.289949417114254,30.337023
2023-03-09,28.3242130279541,30.371923
2023-03-10,28.33987045288086,30.38778
2023-03-13,28.555082321166992,30.4401
2023-03-14,28.562076568603516,30.459648
2023-03-15,28.61329460144043,30.587982
2023-03-16,28.66402244567871,30.630865
2023-03-17,28.868907928466797,30.66219
2023-03-20,28.893892288208008,30.718626
2023-03-21,28.936866760253903,30.750551
2023-03-22,29.02672576904297,30.825567
2023-03-23,29.13475799560547,30.871695
2023-03-24,29.19672393798828,30.926449
2023-03-27,29.208839416503903,30.938124
2023-03-28,29.24136734008789,31.00337
2023-03-29,29.35118293762207,31.094885
2023-03-30,29.36216926574707,31.155195
2023-03-31,29.406484603881836,31.286312
2023-04-03,29.53687858581543,31.307564
2023-04-04,29.59078788757324,31.31811
2023-04-05,29.69896697998047,31.403439
2023-04-06,29.747875213623047,31.421442
2023-04-10,29.95118522644043,31.458574
2023-04-11,29.971473693847656,31.564663
2023-04-12,29.98712921142578,31.662043
2023-04-13,30.070985794067383,31.691748
2023-04-14,30.147859573364254,31.71606
2023-04-17,30.149160385131836,31.758144
2023-04-18,30.16118621826172,31.782812
2023-04-19,30.271656036376953,31.819498
2023-04-20,30.33582305908203,31.936058
2023-04-21,30.33582305908203,31.972769
2023-04-24,30.408428192138672,31.9832
2023-04-25,30.439374923706055,32.055664
2023-04-26,30.520986557006836,32.116882
2023-04-27,30.60234832763672,32.211002
2023-04-28,30.64203834533691,32.23282
2023-05-01,30.6709041595459,32.2879
2023-05-02,30.749088287353516,32.596893
2023-05-03,30.89362144470215,32.62034
2023-05-04,31.158632278442383,32.652687
2023-05-05,31.246580123901367,32.70226
2023-05-08,31.3828067779541,32.760105
2023-05-09,31.446842193603516,32.867516
2023-05-10,31.61853408813477,32.962605
2023-05-11,31.66035270690918,33.026283
2023-05-12,31.68941307067871,33.06025
2023-05-15,31.77315902709961,33.12459
2023-05-16,31.89903450012207,33.36127
2023-05-17,32.07265090942383,33.39117
2023-05-18,32.3731575012207,33.498714
2023-05-19,32.61575698852539,33.57649
2023-05-22,32.61775588989258,33.833508
2023-05-23,32.926204681396484,33.949467
2023-05-24,33.316505432128906,34.06026
2023-05-25,37.45799255371094,35.035004
2023-05-26,37.81291961669922,35.14102
2023-05-30,37.958839416503906,35.24659
2023-05-31,38.492530822753906,35.298595
2023-06-01,38.63246536254883,35.490986
2023-06-02,38.75240707397461,35.64931
2023-06-05,38.92430114746094,35.675503
2023-06-06,39.1491813659668,35.710384
2023-06-07,39.30509185791016,35.745655
2023-06-08,39.464088439941406,36.01147
2023-06-09,39.74784469604492,36.157173
2023-06-12,40.088653564453125,36.23498
2023-06-13,40.31102752685547,36.353565
2023-06-14,40.484962463378906,36.370678
2023-06-15,40.613563537597656,36.39905
2023-06-16,40.76485824584961,36.465286
2023-06-20,40.8034782409668,36.490463
2023-06-21,40.83646011352539,36.55669
2023-06-22,41.001766204833984,36.761585
2023-06-23,41.00339126586914,36.804893
2023-06-26,41.09834671020508,36.82919
2023-06-27,41.145713806152344,36.88783
2023-06-28,41.37163162231445,36.969128
2023-06-29,41.59454727172851,37.018867
2023-06-30,41.763484954833984,37.046665
2023-07-03,41.85699844360352,37.12881
2023-07-05,41.89543533325195,37.26929
2023-07-06,42.08390045166016,37.354958
2023-07-07,42.08536911010742,37.446808
2023-07-10,42.16086196899414,37.615665
2023-07-11,42.18033218383789,37.726616
2023-07-12,42.189849853515625,37.76414
2023-07-13,42.206321716308594,37.911102
2023-07-14,42.22331619262695,37.996284
2023-07-17,42.282806396484375,38.02547
2023-07-18,42.29780578613281,38.06318
2023-07-19,42.309288024902344,38.11443
2023-07-20,42.368770599365234,38.155186
2023-07-21,42.38576126098633,38.16647
2023-07-24,42.39375686645508,38.17647
2023-07-25,42.45222854614258,38.234554
2023-07-26,42.48371505737305,38.32035
2023-07-27,42.53469467163086,38.3568
2023-07-28,42.63365173339844,38.454166
2023-07-31,42.672630310058594,38.522137
2023-08-01,42.95904541015625,38.61565
2023-08-02,42.97749328613281,38.653156
2023-08-03,43.00547790527344,38.67928
2023-08-04,43.02547073364258,38.71262
2023-08-07,43.072998046875,38.756756
2023-08-08,43.279354095458984,38.887177
2023-08-09,43.32433319091797,38.93912
2023-08-10,43.466270446777344,38.976334
2023-08-11,43.48284530639648,39.022102
2023-08-14,43.48984146118164,39.0368
2023-08-15,43.50083541870117,39.067043
2023-08-16,43.50383758544922,39.244663
2023-08-17,43.646785736083984,39.288067
2023-08-18,43.733150482177734,39.32446
2023-08-21,43.78812026977539,39.46925
2023-08-22,43.882080078125,39.523403
2023-08-23,43.883697509765625,39.58488
2023-08-24,43.920066833496094,39.74535
2023-08-25,43.92168426513672,39.754993
2023-08-28,43.949668884277344,39.84376
2023-08-29,44.02465057373047,39.91528
2023-08-30,44.24892044067383,39.937344
2023-08-31,44.28889846801758,40.00422
2023-09-01,44.49480438232422,40.098267
2023-09-05,44.59176254272461,40.194027
2023-09-06,44.643741607666016,40.230045
2023-09-07,44.65972900390625,40.24143
2023-09-08,44.67140579223633,40.279247
2023-09-11,44.7653694152832,40.31043
2023-09-12,44.85333633422851,40.34092
2023-09-13,44.98828887939453,40.389683
2023-09-14,45.161224365234375,40.427128
2023-09-15,45.25618743896485,40.44421
2023-09-18,45.39639663696289,40.632694
2023-09-19,45.431373596191406,40.687275
2023-09-20,45.444114685058594,40.772778
2023-09-21,45.4483757019043,40.818317
2023-09-22,45.46811294555664,40.911716
2023-09-25,45.4901008605957,40.92661
2023-09-26,45.49309921264648,41.022854
2023-09-27,45.49934768676758,41.085567
2023-09-28,45.555076599121094,41.122074
2023-09-29,45.56407928466797,41.14472
2023-10-02,45.64727783203125,41.170525
2023-10-03,45.65827560424805,41.246677
2023-10-04,45.734012603759766,41.255993
2023-10-05,45.7450065612793,41.26636
2023-10-06,45.78099060058594,41.309044
2023-10-09,45.87917709350586,41.330868
2023-10-10,45.93793869018555,41.344204
2023-10-11,45.95614242553711,41.43585
2023-10-12,45.99711990356445,41.55047
2023-10-13,46.07788848876953,41.596752
2023-10-16,46.22382736206055,41.60982
2023-10-17,46.439918518066406,41.67913
2023-10-18,46.485897064208984,41.72077
2023-10-19,46.55279922485352,41.791035
2023-10-20,46.55670547485352,41.90421
2023-10-23,46.582794189453125,41.942455
2023-10-24,46.61378479003906,41.958515
2023-10-25,46.70779800415039,41.990383
2023-10-26,46.72879409790039,42.053493
2023-10-27,46.74763488769531,42.1163
2023-10-30,46.75263214111328,42.14103
2023-10-31,46.78861999511719,42.164932
2023-11-01,46.813751220703125,42.180363
2023-11-02,46.92756652832031,42.20709
2023-11-03,46.93256378173828,42.273514
2023-11-06,46.94569396972656,42.37206
2023-11-07,47.04352188110352,42.53218
2023-11-08,47.055641174316406,42.589245
2023-11-09,47.094627380371094,42.59791
2023-11-10,47.1416015625,42.64244
2023-11-13,47.47244644165039,42.67865
2023-11-14,47.49253463745117,42.85316
2023-11-15,47.555519104003906,43.022305
2023-11-16,47.64349365234375,43.209354
2023-11-17,47.75825881958008,43.302208
2023-11-20,47.80323791503906,43.384815
2023-11-21,47.984397888183594,43.57147
2023-11-22,48.07437515258789,43.60635
2023-11-24,48.09735870361328,43.68911
2023-11-27,48.122127532958984,43.7108
2023-11-28,48.15434646606445,43.843365
2023-11-29,48.22408676147461,43.90829
2023-11-30,48.317047119140625,43.995884
2023-12-01,48.33629608154297,44.10378
2023-12-04,48.48699569702149,44.11854
2023-12-05,48.52597427368164,44.294064
2023-12-06,48.6019401550293,44.36266
2023-12-07,48.697906494140625,44.53783
2023-12-08,48.76186752319336,44.62824
2023-12-11,48.816162109375,44.691757
2023-12-12,48.869842529296875,44.755238
2023-12-13,48.87614059448242,44.960304
2023-12-14,48.97611618041992,44.987736
2023-12-15,49.08308029174805,45.025005
2023-12-18,49.24164962768555,45.03284
2023-12-19,49.26502990722656,45.055935
2023-12-20,49.27969741821289,45.171886
2023-12-21,49.332611083984375,45.265408
2023-12-22,49.40299224853515,45.30888
2023-12-26,49.461631774902344,45.340458
2023-12-27,49.507965087890625,45.429195
2023-12-28,49.507965087890625,45.436436
2023-12-29,49.58993911743164,45.456326
2024-01-02,49.6375617980957,45.55955
2024-01-03,49.92545318603515,45.600384
2024-01-04,50.06280517578125,45.70426
2024-01-05,50.390281677246094,45.81397
2024-01-08,52.23818588256836,46.01508
2024-01-09,53.12493896484375,46.585606
2024-01-10,54.3345947265625,46.947666
2024-01-11,54.694488525390625,47.14268
2024-01-12,54.80646133422851,47.276257
2024-01-16,56.037113189697266,47.38103
2024-01-17,56.36602020263672,47.71139
2024-01-18,57.09081268310547,48.185688
