Date,Low,Guess Low
2018-01-02,3.111500024795532,3.4744165
2018-01-03,3.112499952316284,3.5386486
2018-01-04,3.129499912261963,3.5474205
2018-01-05,3.1922500133514404,3.5644805
2018-01-08,3.2114999294281006,3.5665004
2018-01-09,3.242500066757202,3.5828059
2018-01-10,3.2512500286102295,3.5854034
2018-01-11,3.2577500343322754,3.6001985
2018-01-12,3.2750000953674316,3.6191616
2018-01-16,3.27524995803833,3.6226432
2018-01-17,3.2864999771118164,3.6276498
2018-01-18,3.30649995803833,3.6304352
2018-01-19,3.315000057220459,3.6333039
2018-01-22,3.3172500133514404,3.6418343
2018-01-23,3.332750082015991,3.644905
2018-01-24,3.3847498893737793,3.6481497
2018-01-25,3.3867499828338623,3.6538522
2018-01-26,3.4094998836517334,3.6598272
2018-01-29,3.410749912261963,3.6721213
2018-01-30,3.410749912261963,3.6766028
2018-01-31,3.422499895095825,3.697182
2018-02-01,3.4392499923706055,3.7003934
2018-02-02,3.4735000133514404,3.7014837
2018-02-05,3.4839999675750732,3.7084758
2018-02-06,3.495500087738037,3.7207253
2018-02-07,3.496500015258789,3.7225986
2018-02-08,3.5309998989105225,3.7251842
2018-02-09,3.533750057220459,3.732328
2018-02-12,3.564500093460083,3.735827
2018-02-13,3.5697500705718994,3.7376888
2018-02-14,3.571000099182129,3.7393148
2018-02-15,3.580250024795532,3.740442
2018-02-16,3.581249952316284,3.7471652
2018-02-20,3.581249952316284,3.7484086
2018-02-21,3.590250015258789,3.7549214
2018-02-22,3.591249942779541,3.7570949
2018-02-23,3.603250026702881,3.7588441
2018-02-26,3.606250047683716,3.7639878
2018-02-27,3.611999988555908,3.768785
2018-02-28,3.612499952316284,3.7726429
2018-03-01,3.6157500743865967,3.7761574
2018-03-02,3.619999885559082,3.7780945
2018-03-05,3.620500087738037,3.787172
2018-03-06,3.621999979019165,3.7900536
2018-03-07,3.6227500438690186,3.7960844
2018-03-08,3.625,3.797003
2018-03-09,3.637500047683716,3.8009584
2018-03-12,3.6397500038146977,3.8014307
2018-03-13,3.640500068664551,3.803017
2018-03-14,3.641249895095825,3.8039045
2018-03-15,3.642250061035156,3.810833
2018-03-16,3.64424991607666,3.8128095
2018-03-19,3.6594998836517334,3.814278
2018-03-20,3.660249948501587,3.8154953
2018-03-21,3.6640000343322754,3.8216577
2018-03-22,3.676500082015991,3.8249505
2018-03-23,3.6847500801086426,3.825997
2018-03-26,3.684999942779541,3.8277342
2018-03-27,3.685499906539917,3.8281846
2018-03-28,3.686000108718872,3.8374107
2018-03-29,3.6887500286102295,3.8379662
2018-04-02,3.694000005722046,3.839937
2018-04-03,3.70075011253357,3.8419645
2018-04-04,3.7074999809265137,3.8427088
2018-04-05,3.707750082015991,3.8467324
2018-04-06,3.7155001163482666,3.8478732
2018-04-09,3.722500085830689,3.8504584
2018-04-10,3.728250026702881,3.8523357
2018-04-11,3.7290000915527344,3.8607647
2018-04-12,3.7300000190734863,3.862847
2018-04-13,3.7422499656677246,3.8664634
2018-04-16,3.745500087738037,3.8674107
2018-04-17,3.7607500553131104,3.8744018
2018-04-18,3.7637500762939458,3.875622
2018-04-19,3.7642500400543217,3.8780105
2018-04-20,3.76799988746643,3.8802342
2018-04-23,3.768749952316284,3.8865798
2018-04-24,3.770250082015991,3.88917
2018-04-25,3.776750087738037,3.89085
2018-04-26,3.777499914169311,3.894032
2018-04-27,3.7825000286102295,3.8991575
2018-04-30,3.784250020980835,3.9108202
2018-05-01,3.787499904632568,3.91186
2018-05-02,3.791249990463257,3.9132087
2018-05-03,3.7939999103546143,3.9159954
2018-05-04,3.795249938964844,3.9237945
2018-05-07,3.798500061035156,3.9244266
2018-05-08,3.8017499446868896,3.9320972
2018-05-09,3.8037500381469727,3.9338994
2018-05-10,3.8127501010894775,3.9361918
2018-05-11,3.815999984741211,3.9365914
2018-05-14,3.8277499675750737,3.9386282
2018-05-15,3.828249931335449,3.9402769
2018-05-16,3.8340001106262207,3.9425855
2018-05-17,3.838000059127808,3.945553
2018-05-18,3.847500085830689,3.9465916
2018-05-21,3.848000049591065,3.9469197
2018-05-22,3.848999977111816,3.9563165
2018-05-23,3.862499952316284,3.9613125
2018-05-24,3.873500108718872,3.9639409
2018-05-25,3.875,3.968322
2018-05-29,3.879499912261963,3.9760451
2018-05-30,3.89299988746643,3.976976
2018-05-31,3.893749952316284,3.979959
2018-06-01,3.900000095367432,3.9818516
2018-06-04,3.902250051498413,3.9835987
2018-06-05,3.9035000801086426,3.9864805
2018-06-06,3.9035000801086426,3.9874163
2018-06-07,3.910500049591065,3.9887807
2018-06-08,3.912499904632568,3.9962747
2018-06-11,3.921999931335449,4.002905
2018-06-12,3.93274998664856,4.0079007
2018-06-13,3.9342501163482666,4.0150237
2018-06-14,3.9352500438690186,4.018907
2018-06-15,3.941250085830689,4.0229363
2018-06-18,3.941999912261963,4.027367
2018-06-19,3.9452500343322754,4.0298634
2018-06-20,3.9584999084472656,4.0355415
2018-06-21,3.962249994277954,4.0434175
2018-06-22,3.962500095367432,4.044656
2018-06-25,3.974999904632568,4.052909
2018-06-26,3.979749917984009,4.060632
2018-06-27,3.98200011253357,4.063599
2018-06-28,4.008500099182129,4.0654006
2018-06-29,4.015500068664551,4.0698977
2018-07-02,4.031499862670898,4.0715184
2018-07-03,4.037499904632568,4.073226
2018-07-05,4.040249824523926,4.0754967
2018-07-06,4.040999889373779,4.087905
2018-07-09,4.042500019073486,4.0902686
2018-07-10,4.058750152587891,4.092199
2018-07-11,4.070499897003174,4.093793
2018-07-12,4.081250190734863,4.097377
2018-07-13,4.086750030517578,4.102326
2018-07-16,4.093249797821045,4.1136436
2018-07-17,4.097750186920166,4.131041
2018-07-18,4.099999904632568,4.1325808
2018-07-19,4.116499900817871,4.1350927
2018-07-20,4.11899995803833,4.1362143
2018-07-23,4.120999813079834,4.14116
2018-07-24,4.131249904632568,4.149965
2018-07-25,4.135000228881836,4.1564193
2018-07-26,4.149250030517578,4.1673474
2018-07-27,4.153250217437744,4.181627
2018-07-30,4.165249824523926,4.188599
2018-07-31,4.16949987411499,4.189667
2018-08-01,4.17549991607666,4.193285
2018-08-02,4.17549991607666,4.195402
2018-08-03,4.178999900817871,4.198353
2018-08-06,4.183499813079834,4.199705
2018-08-07,4.184999942779541,4.202434
2018-08-08,4.196249961853027,4.204168
2018-08-09,4.196499824523926,4.205527
2018-08-10,4.204999923706055,4.2067676
2018-08-13,4.224999904632568,4.2147074
2018-08-14,4.232999801635742,4.217378
2018-08-15,4.241499900817871,4.2184596
2018-08-16,4.247499942779541,4.2223635
2018-08-17,4.2532501220703125,4.2239523
2018-08-20,4.267749786376953,4.2307463
2018-08-21,4.277500152587891,4.231605
2018-08-22,4.277750015258789,4.233544
2018-08-23,4.279250144958496,4.2353997
2018-08-24,4.281750202178955,4.2480183
2018-08-27,4.288000106811523,4.2485156
2018-08-28,4.28849983215332,4.250932
2018-08-29,4.300000190734863,4.2540684
2018-08-30,4.302000045776367,4.256603
2018-08-31,4.3067498207092285,4.2578745
2018-09-04,4.307000160217285,4.2592506
2018-09-05,4.3092498779296875,4.2639284
2018-09-06,4.310999870300293,4.2675605
2018-09-07,4.31374979019165,4.2700443
2018-09-10,4.320000171661377,4.2770495
2018-09-11,4.324999809265137,4.283057
2018-09-12,4.332499980926514,4.2844024
2018-09-13,4.34250020980835,4.2868524
2018-09-14,4.345250129699707,4.3013425
2018-09-17,4.349999904632568,4.302447
2018-09-18,4.358500003814697,4.3041735
2018-09-19,4.36175012588501,4.317447
2018-09-20,4.364999771118164,4.317875
2018-09-21,4.377749919891357,4.32565
2018-09-24,4.3782501220703125,4.3262043
2018-09-25,4.38224983215332,4.328965
2018-09-26,4.387499809265137,4.335048
2018-09-27,4.40024995803833,4.3409777
2018-09-28,4.412499904632568,4.3421926
2018-10-01,4.412499904632568,4.3430643
2018-10-02,4.412749767303467,4.3516693
2018-10-03,4.423500061035156,4.352288
2018-10-04,4.427999973297119,4.358851
2018-10-05,4.43149995803833,4.3708286
2018-10-08,4.447750091552734,4.373714
2018-10-09,4.462500095367432,4.3745856
2018-10-10,4.465250015258789,4.3755794
2018-10-11,4.4695000648498535,4.3761716
2018-10-12,4.469749927520752,4.3819757
2018-10-15,4.478000164031982,4.3829246
2018-10-16,4.479000091552734,4.3860993
2018-10-17,4.495999813079834,4.4005446
2018-10-18,4.504499912261963,4.4015427
2018-10-19,4.509250164031982,4.4124265
2018-10-22,4.510250091552734,4.42837
2018-10-23,4.511499881744385,4.4319487
2018-10-24,4.51324987411499,4.4391317
2018-10-25,4.517000198364258,4.440268
2018-10-26,4.538000106811523,4.448871
2018-10-29,4.565000057220459,4.4558415
2018-10-30,4.577499866485596,4.4669394
2018-10-31,4.59250020980835,4.473271
2018-11-01,4.598750114440918,4.4879327
2018-11-02,4.6020002365112305,4.490544
2018-11-05,4.60575008392334,4.494244
2018-11-06,4.609749794006348,4.5032725
2018-11-07,4.619999885559082,4.507708
2018-11-08,4.624000072479248,4.5190015
2018-11-09,4.629499912261963,4.5365615
2018-11-12,4.640500068664551,4.537768
2018-11-13,4.641250133514404,4.5421696
2018-11-14,4.643249988555908,4.5450215
2018-11-15,4.659749984741211,4.549086
2018-11-16,4.6875,4.552652
2018-11-19,4.689000129699707,4.56369
2018-11-20,4.713250160217285,4.5736165
2018-11-21,4.715250015258789,4.5881286
2018-11-23,4.716000080108643,4.597013
2018-11-26,4.7164998054504395,4.5965056
2018-11-27,4.71875,4.597966
2018-11-28,4.726250171661377,4.599605
2018-11-29,4.738749980926514,4.602863
2018-11-30,4.739999771118164,4.6063185
2018-12-03,4.741499900817871,4.618956
2018-12-04,4.775000095367432,4.629887
2018-12-06,4.775750160217285,4.6309175
2018-12-07,4.802499771118164,4.63267
2018-12-10,4.804999828338623,4.6394362
2018-12-11,4.8207502365112305,4.644378
2018-12-12,4.828000068664551,4.64573
2018-12-13,4.830999851226807,4.6541743
2018-12-14,4.834750175476074,4.6759524
2018-12-17,4.8420000076293945,4.677077
2018-12-18,4.84375,4.693013
2018-12-19,4.849999904632568,4.694002
2018-12-20,4.862500190734863,4.7031565
2018-12-21,4.882500171661377,4.7066007
2018-12-24,4.884500026702881,4.7066636
2018-12-26,4.887499809265137,4.7166386
2018-12-27,4.945250034332275,4.7348914
2018-12-28,4.9629998207092285,4.737395
2018-12-31,4.964749813079834,4.74741
2019-01-02,4.971250057220459,4.7480435
2019-01-03,4.994750022888184,4.756163
2019-01-04,5.006499767303467,4.757751
2019-01-07,5.009250164031982,4.760203
2019-01-08,5.015999794006348,4.80395
2019-01-09,5.026000022888184,4.806374
2019-01-10,5.053500175476074,4.8090205
2019-01-11,5.09375,4.813318
2019-01-14,5.094250202178955,4.8158774
2019-01-15,5.095749855041504,4.818449
2019-01-16,5.099999904632568,4.819713
2019-01-17,5.100249767303467,4.8212194
2019-01-18,5.102749824523926,4.827893
2019-01-22,5.10699987411499,4.831929
2019-01-23,5.123000144958496,4.838613
2019-01-24,5.125,4.842382
2019-01-25,5.127999782562256,4.845385
2019-01-28,5.1282501220703125,4.84596
2019-01-29,5.131999969482422,4.855363
2019-01-30,5.141250133514404,4.8565354
2019-01-31,5.147500038146973,4.860365
2019-02-01,5.153749942779541,4.8667884
2019-02-04,5.163000106811523,4.8867564
2019-02-05,5.16349983215332,4.898624
2019-02-06,5.164000034332275,4.902739
2019-02-07,5.179749965667725,4.915604
2019-02-08,5.187749862670898,4.918189
2019-02-11,5.191999912261963,4.929609
2019-02-12,5.20674991607666,4.9417033
2019-02-13,5.207749843597412,4.944825
2019-02-14,5.216000080108643,4.956968
2019-02-15,5.232749938964844,4.9584117
2019-02-19,5.238999843597412,4.960794
2019-02-20,5.248499870300293,4.963079
2019-02-21,5.255249977111816,4.965939
2019-02-22,5.257500171661377,4.9683595
2019-02-25,5.272500038146973,4.978725
2019-02-26,5.2769999504089355,4.989156
2019-02-27,5.2779998779296875,4.9908476
2019-02-28,5.2795000076293945,4.9913955
2019-03-01,5.281499862670898,4.9929996
2019-03-04,5.317249774932861,4.998359
2019-03-05,5.326749801635742,5.0005116
2019-03-06,5.349999904632568,5.00216
2019-03-07,5.357500076293945,5.0180564
2019-03-08,5.364999771118164,5.019284
2019-03-11,5.388000011444092,5.0224137
2019-03-12,5.394499778747559,5.0299306
2019-03-13,5.394999980926514,5.03042
2019-03-14,5.395500183105469,5.030644
2019-03-15,5.400000095367432,5.0342526
2019-03-18,5.417250156402588,5.0391936
2019-03-19,5.417749881744385,5.0423656
2019-03-20,5.418499946594238,5.0450616
2019-03-21,5.422500133514404,5.0457206
2019-03-22,5.425000190734863,5.055009
2019-03-25,5.429500102996826,5.06051
2019-03-26,5.4375,5.0610642
2019-03-27,5.437749862670898,5.074987
2019-03-28,5.438000202178955,5.079248
2019-03-29,5.462250232696533,5.0838275
2019-04-01,5.464000225067139,5.086116
2019-04-02,5.4644999504089355,5.092484
2019-04-03,5.466000080108643,5.097236
2019-04-04,5.490250110626221,5.100721
2019-04-05,5.496250152587891,5.1049256
2019-04-08,5.51324987411499,5.111608
2019-04-09,5.517499923706055,5.1167645
2019-04-10,5.5335001945495605,5.1210823
2019-04-11,5.533750057220459,5.123588
2019-04-12,5.545499801635742,5.1359267
2019-04-15,5.546249866485596,5.139612
2019-04-16,5.554999828338623,5.146236
2019-04-17,5.5602498054504395,5.1479077
2019-04-18,5.566999912261963,5.1493726
2019-04-22,5.5707502365112305,5.1544557
2019-04-23,5.580249786376953,5.158597
2019-04-24,5.603000164031982,5.162255
2019-04-25,5.615499973297119,5.1673775
2019-04-26,5.6192498207092285,5.175886
2019-04-29,5.623000144958496,5.1893873
2019-04-30,5.6257500648498535,5.1934857
2019-05-01,5.631249904632568,5.202936
2019-05-02,5.631249904632568,5.2074885
2019-05-03,5.638000011444092,5.208328
2019-05-06,5.64424991607666,5.2188964
2019-05-07,5.667500019073486,5.226043
2019-05-08,5.670000076293945,5.227637
2019-05-09,5.675000190734863,5.229616
2019-05-10,5.676750183105469,5.2324295
2019-05-13,5.68625020980835,5.235945
2019-05-14,5.691999912261963,5.2513776
2019-05-15,5.692500114440918,5.2659693
2019-05-16,5.701250076293945,5.278974
2019-05-17,5.702499866485596,5.285398
2019-05-20,5.703000068664551,5.286528
2019-05-21,5.705249786376953,5.29171
2019-05-22,5.733749866485596,5.297652
2019-05-23,5.73799991607666,5.304707
2019-05-24,5.738749980926514,5.31702
2019-05-28,5.7532501220703125,5.321475
2019-05-29,5.763750076293945,5.3247166
2019-05-30,5.767499923706055,5.332826
2019-05-31,5.776500225067139,5.333908
2019-06-03,5.778250217437744,5.3384833
2019-06-04,5.779250144958496,5.341751
2019-06-05,5.781750202178955,5.342535
2019-06-06,5.783750057220459,5.3611073
2019-06-07,5.805749893188477,5.362269
2019-06-10,5.813000202178955,5.365504
2019-06-11,5.819250106811523,5.374395
2019-06-12,5.831500053405762,5.3917584
2019-06-13,5.838749885559082,5.395181
2019-06-14,5.852499961853027,5.407271
2019-06-17,5.856500148773193,5.4357085
2019-06-18,5.868750095367432,5.4412785
2019-06-19,5.875249862670898,5.4505897
2019-06-20,5.877500057220459,5.4525576
2019-06-21,5.883500099182129,5.4533334
2019-06-24,5.886250019073486,5.466274
2019-06-25,5.887499809265137,5.4735208
2019-06-26,5.888500213623047,5.474589
2019-06-27,5.893750190734863,5.4817348
2019-06-28,5.895249843597412,5.5008364
2019-07-01,5.897500038146973,5.5068736
2019-07-02,5.909749984741211,5.508031
2019-07-03,5.912499904632568,5.517912
2019-07-05,5.918000221252441,5.520799
2019-07-08,5.920499801635742,5.521078
2019-07-09,5.921249866485596,5.523437
2019-07-10,5.925000190734863,5.5321503
2019-07-11,5.927249908447266,5.5371385
2019-07-12,5.934000015258789,5.5393004
2019-07-15,5.934000015258789,5.540606
2019-07-16,5.9375,5.5540495
2019-07-17,5.940000057220459,5.5589576
2019-07-18,5.948500156402588,5.568736
2019-07-19,5.948750019073486,5.574972
2019-07-22,5.949999809265137,5.575545
2019-07-23,5.951499938964844,5.5765944
2019-07-24,5.953750133514404,5.576862
2019-07-25,5.954500198364258,5.5809355
2019-07-26,5.959750175476074,5.5821767
2019-07-29,5.959750175476074,5.5849795
2019-07-30,5.960249900817871,5.586819
2019-07-31,5.9679999351501465,5.5895305
2019-08-01,5.984749794006348,5.5957227
2019-08-02,5.985000133514404,5.597729
2019-08-05,5.987500190734863,5.5982823
2019-08-06,5.991250038146973,5.6018014
2019-08-07,5.9977498054504395,5.6028094
2019-08-08,6.006249904632568,5.614591
2019-08-09,6.006249904632568,5.615441
2019-08-12,6.008500099182129,5.6236677
2019-08-13,6.012249946594238,5.628257
2019-08-14,6.015250205993652,5.631421
2019-08-15,6.017749786376953,5.6356664
2019-08-16,6.021500110626221,5.6361303
2019-08-19,6.021999835968018,5.638454
2019-08-20,6.0269999504089355,5.6429963
2019-08-21,6.0279998779296875,5.6508784
2019-08-22,6.030250072479248,5.657191
2019-08-23,6.0320000648498535,5.6587653
2019-08-26,6.033999919891357,5.6608524
2019-08-27,6.037499904632568,5.662497
2019-08-28,6.038000106811523,5.6691256
2019-08-29,6.038249969482422,5.672041
2019-08-30,6.044750213623047,5.6752024
2019-09-03,6.053500175476074,5.676135
2019-09-04,6.057750225067139,5.6890607
2019-09-05,6.06125020980835,5.690912
2019-09-06,6.062749862670898,5.711852
2019-09-09,6.063000202178955,5.7132406
2019-09-10,6.0642499923706055,5.7133155
2019-09-11,6.067999839782715,5.729526
2019-09-12,6.072249889373779,5.7337937
2019-09-13,6.081999778747559,5.7485356
2019-09-16,6.086750030517578,5.751324
2019-09-17,6.0914998054504395,5.771215
2019-09-18,6.093249797821045,5.779221
2019-09-19,6.09375,5.7880445
2019-09-20,6.097249984741211,5.7946186
2019-09-23,6.098499774932861,5.798746
2019-09-24,6.100500106811523,5.8025413
2019-09-25,6.101500034332275,5.8296313
2019-09-26,6.111249923706055,5.837703
2019-09-27,6.113249778747559,5.858924
2019-09-30,6.114999771118164,5.8612833
2019-10-01,6.1282501220703125,5.891364
2019-10-02,6.129499912261963,5.892923
2019-10-03,6.13100004196167,5.91038
2019-10-04,6.135749816894531,5.9149804
2019-10-07,6.139999866485596,5.919087
2019-10-08,6.143499851226807,5.9399347
2019-10-09,6.149750232696533,5.9409747
2019-10-10,6.151000022888184,5.941851
2019-10-11,6.151750087738037,5.951654
2019-10-14,6.1554999351501465,5.9638066
2019-10-15,6.164249897003174,5.9797015
2019-10-16,6.166749954223633,5.9871583
2019-10-17,6.167500019073486,5.9947915
2019-10-18,6.167749881744385,5.9998946
2019-10-21,6.168749809265137,6.0006
2019-10-22,6.168749809265137,6.003715
2019-10-23,6.168749809265137,6.0092654
2019-10-24,6.169000148773193,6.0144496
2019-10-25,6.16949987411499,6.016521
2019-10-28,6.177499771118164,6.0205
2019-10-29,6.1832499504089355,6.0216184
2019-10-30,6.1842498779296875,6.0230646
2019-10-31,6.1852498054504395,6.023673
2019-11-01,6.190499782562256,6.0318675
2019-11-04,6.190999984741211,6.0411487
2019-11-05,6.192500114440918,6.0535903
2019-11-06,6.192500114440918,6.059708
2019-11-07,6.199999809265137,6.0617633
2019-11-08,6.203000068664551,6.06233
2019-11-11,6.203750133514404,6.0650516
2019-11-12,6.207499980926514,6.0746794
2019-11-13,6.211999893188477,6.078261
2019-11-14,6.2170000076293945,6.0942483
2019-11-15,6.2220001220703125,6.0993867
2019-11-18,6.222249984741211,6.101974
2019-11-19,6.223750114440918,6.1044164
2019-11-20,6.223999977111816,6.107572
2019-11-21,6.224999904632568,6.108744
2019-11-22,6.241000175476074,6.1281805
2019-11-25,6.24275016784668,6.1369576
2019-11-26,6.245999813079834,6.1411743
2019-11-27,6.25,6.153421
2019-11-29,6.252749919891357,6.1569986
2019-12-02,6.2582502365112305,6.165836
2019-12-03,6.2582502365112305,6.16834
2019-12-04,6.259500026702881,6.1712966
2019-12-05,6.261250019073486,6.187841
2019-12-06,6.263500213623047,6.1889853
2019-12-09,6.264249801635742,6.201506
2019-12-10,6.273250102996826,6.203262
2019-12-11,6.281750202178955,6.209137
2019-12-12,6.296500205993652,6.2116323
2019-12-13,6.307499885559082,6.2346087
2019-12-16,6.317500114440918,6.2423854
2019-12-17,6.323249816894531,6.2447686
2019-12-18,6.339749813079834,6.2538404
2019-12-19,6.341249942779541,6.2544065
2019-12-20,6.360000133514404,6.2596974
2019-12-23,6.373000144958496,6.2645087
2019-12-24,6.375249862670898,6.26887
2019-12-26,6.375500202178955,6.2728524
2019-12-27,6.3767499923706055,6.280128
2019-12-30,6.389750003814697,6.287377
2019-12-31,6.397500038146973,6.289342
2020-01-02,6.403749942779541,6.292809
2020-01-03,6.420000076293945,6.300727
2020-01-06,6.425000190734863,6.3073454
2020-01-07,6.42549991607666,6.3099875
2020-01-08,6.429999828338623,6.317302
2020-01-09,6.432499885559082,6.3202243
2020-01-10,6.442500114440918,6.3220387
2020-01-13,6.443749904632568,6.324591
2020-01-14,6.448999881744385,6.3388734
2020-01-15,6.449999809265137,6.345615
2020-01-16,6.4670000076293945,6.353103
2020-01-17,6.480000019073486,6.3588614
2020-01-21,6.481249809265137,6.3629
2020-01-22,6.491499900817871,6.3892555
2020-01-23,6.501999855041504,6.3998237
2020-01-24,6.502500057220459,6.401011
2020-01-27,6.506999969482422,6.407537
2020-01-28,6.510499954223633,6.4125257
2020-01-29,6.514999866485596,6.4172397
2020-01-30,6.517499923706055,6.4340405
2020-01-31,6.51924991607666,6.441741
2020-02-03,6.525000095367432,6.448853
2020-02-04,6.547999858856201,6.4531417
2020-02-05,6.550000190734863,6.460463
2020-02-06,6.550749778747559,6.46562
2020-02-07,6.552750110626221,6.471363
2020-02-10,6.559500217437744,6.4803348
2020-02-11,6.561500072479248,6.4853444
2020-02-12,6.570000171661377,6.5027466
2020-02-13,6.579249858856201,6.521997
2020-02-14,6.583749771118164,6.532364
2020-02-18,6.5904998779296875,6.5365157
2020-02-19,6.602499961853027,6.5423326
2020-02-20,6.6207499504089355,6.543154
2020-02-21,6.6227498054504395,6.5584674
2020-02-24,6.653250217437744,6.5641685
2020-02-25,6.6570000648498535,6.5729356
2020-02-26,6.675000190734863,6.5770564
2020-02-27,6.677750110626221,6.5993996
2020-02-28,6.679749965667725,6.6103287
2020-03-02,6.679999828338623,6.6110773
2020-03-03,6.688499927520752,6.61474
2020-03-04,6.699999809265137,6.6266522
2020-03-05,6.706250190734863,6.645968
2020-03-06,6.711249828338623,6.6574945
2020-03-09,6.727749824523926,6.6625447
2020-03-10,6.738249778747559,6.6704264
2020-03-11,6.754000186920166,6.684672
2020-03-12,6.768750190734863,6.7100425
2020-03-13,6.775000095367432,6.726794
2020-03-16,6.784749984741211,6.730614
2020-03-17,6.787499904632568,6.7477245
2020-03-18,6.789999961853027,6.759603
2020-03-19,6.80049991607666,6.7673836
2020-03-20,6.803750038146973,6.772102
2020-03-23,6.827000141143799,6.7852545
2020-03-24,6.828750133514404,6.815247
2020-03-25,6.837500095367432,6.818288
2020-03-26,6.847249984741211,6.8266907
2020-03-27,6.878749847412109,6.835257
2020-03-30,6.884500026702881,6.845449
2020-03-31,6.885000228881836,6.851255
2020-04-01,6.9045000076293945,6.867876
2020-04-02,6.9079999923706055,6.9002137
2020-04-03,6.914999961853027,6.9033504
2020-04-06,6.974999904632568,6.9183197
2020-04-07,7.014999866485596,6.924736
2020-04-08,7.020999908447266,6.9429865
2020-04-09,7.021999835968018,6.9528193
2020-04-13,7.0632500648498535,6.958725
2020-04-14,7.065000057220459,6.9652905
2020-04-15,7.074999809265137,6.9925795
2020-04-16,7.121500015258789,7.0038095
2020-04-17,7.131750106811523,7.009154
2020-04-20,7.139500141143799,7.01941
2020-04-21,7.150000095367432,7.03961
2020-04-22,7.163750171661377,7.0462985
2020-04-23,7.173500061035156,7.050785
2020-04-24,7.266499996185303,7.0857463
2020-04-27,7.278500080108643,7.10475
2020-04-28,7.282249927520752,7.113501
2020-04-29,7.293000221252441,7.1244435
2020-04-30,7.34375,7.1487894
2020-05-01,7.349999904632568,7.176787
2020-05-04,7.385250091552734,7.1855774
2020-05-05,7.408750057220459,7.237929
2020-05-06,7.532999992370605,7.266095
2020-05-07,7.53725004196167,7.294474
2020-05-08,7.594749927520752,7.315911
2020-05-11,7.659749984741211,7.3561463
2020-05-12,7.6875,7.401385
2020-05-13,7.778749942779541,7.466735
2020-05-14,7.792749881744385,7.528012
2020-05-15,7.874000072479248,7.6976476
2020-05-18,7.996749877929688,7.7315545
2020-05-19,8.379249572753906,7.778956
2020-05-20,8.484999656677246,7.8503027
2020-05-21,8.657999992370605,7.890538
2020-05-22,8.67199993133545,7.900211
2020-05-26,8.677499771118164,7.9101453
2020-05-27,8.680500030517578,7.9505954
2020-05-28,8.685750007629395,7.9642186
2020-05-29,8.689499855041504,7.9782486
2020-06-01,8.699999809265137,7.9902277
2020-06-02,8.70324993133545,7.994702
2020-06-03,8.708000183105469,8.020157
2020-06-04,8.713250160217285,8.049329
2020-06-05,8.737500190734863,8.075764
2020-06-08,8.743749618530273,8.095624
2020-06-09,8.751250267028809,8.126767
2020-06-10,8.762749671936035,8.173987
2020-06-11,8.78600025177002,8.201743
2020-06-12,8.838749885559082,8.2181835
2020-06-15,8.888750076293945,8.256029
2020-06-16,8.899999618530273,8.285899
2020-06-17,9.070249557495115,8.319396
2020-06-18,9.114500045776367,8.346231
2020-06-19,9.125,8.370503
2020-06-22,9.14449977874756,8.420686
2020-06-23,9.153499603271484,8.457633
2020-06-24,9.182250022888184,8.495421
2020-06-25,9.227250099182127,8.5489435
2020-06-26,9.26650047302246,8.611114
2020-06-29,9.273249626159668,8.637719
2020-06-30,9.407500267028809,8.678112
2020-07-01,9.413000106811523,8.68875
2020-07-02,9.57824993133545,8.736021
2020-07-06,9.712499618530272,8.864375
2020-07-07,9.777000427246094,8.8974695
2020-07-08,9.785499572753906,8.966006
2020-07-09,9.850749969482422,9.02193
2020-07-10,9.895500183105469,9.032593
2020-07-13,9.965499877929688,9.070993
2020-07-14,10.024999618530272,9.088544
2020-07-15,10.03125,9.108714
2020-07-16,10.055749893188477,9.145944
2020-07-17,10.087750434875488,9.177197
2020-07-20,10.156749725341797,9.218921
2020-07-21,10.209250450134276,9.243262
2020-07-22,10.21774959564209,9.283408
2020-07-23,10.23349952697754,9.298096
2020-07-24,10.286749839782717,9.309657
2020-07-27,10.291500091552734,9.325538
2020-07-28,10.295249938964844,9.3839655
2020-07-29,10.347000122070312,9.438556
2020-07-30,10.37874984741211,9.4948435
2020-07-31,10.43299961090088,9.537873
2020-08-03,10.715250015258787,9.640483
2020-08-04,10.79574966430664,9.71926
2020-08-05,10.812999725341797,9.774513
2020-08-06,10.856499671936035,9.80928
2020-08-07,10.906000137329102,9.82797
2020-08-10,10.958250045776367,9.85141
2020-08-11,11.037500381469728,9.891822
2020-08-12,11.166250228881836,9.916257
2020-08-13,11.178750038146973,9.969311
2020-08-14,11.20400047302246,9.996841
2020-08-17,11.282999992370604,10.029315
2020-08-18,11.345000267028809,10.097465
2020-08-19,11.35575008392334,10.124668
2020-08-20,11.407999992370604,10.137555
2020-08-21,11.440500259399414,10.179225
2020-08-24,11.517000198364258,10.255374
2020-08-25,11.566499710083008,10.28802
2020-08-26,11.618000030517578,10.317336
2020-08-27,11.67924976348877,10.32599
2020-08-28,11.70425033569336,10.357872
2020-08-31,11.704750061035156,10.373957
2020-09-01,11.81725025177002,10.399451
2020-09-02,11.833999633789062,10.405901
2020-09-03,11.87874984741211,10.430233
2020-09-04,11.88700008392334,10.455981
2020-09-08,11.895750045776367,10.489952
2020-09-09,11.904500007629396,10.50178
2020-09-10,11.946000099182127,10.528489
2020-09-11,11.988750457763672,10.557565
2020-09-14,12.013999938964844,10.601135
2020-09-15,12.022000312805176,10.6198225
2020-09-16,12.034749984741213,10.654311
2020-09-17,12.059249877929688,10.680307
2020-09-18,12.064000129699709,10.697417
2020-09-21,12.074999809265137,10.712651
2020-09-22,12.07925033569336,10.742874
2020-09-23,12.083749771118164,10.762563
2020-09-24,12.08625030517578,10.763969
2020-09-25,12.097999572753906,10.778171
2020-09-28,12.104999542236328,10.7968855
2020-09-29,12.104999542236328,10.837655
2020-09-30,12.155500411987305,10.874034
2020-10-01,12.166999816894531,10.907087
2020-10-02,12.195249557495115,10.910306
2020-10-05,12.21399974822998,10.924754
2020-10-06,12.231749534606934,10.933832
2020-10-07,12.245750427246094,10.937711
2020-10-08,12.256999969482422,10.972747
2020-10-09,12.258000373840332,10.98152
2020-10-12,12.272000312805176,10.992042
2020-10-13,12.300000190734863,11.000341
2020-10-14,12.354000091552734,11.00845
2020-10-15,12.373499870300291,11.027008
2020-10-16,12.395000457763672,11.073449
2020-10-19,12.428000450134276,11.092418
2020-10-20,12.457500457763672,11.116844
2020-10-21,12.50749969482422,11.144058
2020-10-22,12.513750076293944,11.183679
2020-10-23,12.566499710083008,11.190457
2020-10-26,12.573749542236328,11.199523
2020-10-27,12.586000442504885,11.2316675
2020-10-28,12.59000015258789,11.240228
2020-10-29,12.602749824523926,11.257589
2020-10-30,12.609000205993652,11.261021
2020-11-02,12.612500190734863,11.28513
2020-11-03,12.616999626159668,11.308511
2020-11-04,12.621000289916992,11.331405
2020-11-05,12.628250122070312,11.361653
2020-11-06,12.631250381469728,11.366921
2020-11-09,12.63675022125244,11.39991
2020-11-10,12.642499923706056,11.40498
2020-11-11,12.663999557495115,11.421382
2020-11-12,12.677749633789062,11.438699
2020-11-13,12.699999809265137,11.458882
2020-11-16,12.704999923706056,11.471385
2020-11-17,12.708000183105469,11.4915285
2020-11-18,12.717000007629396,11.497165
2020-11-19,12.73449993133545,11.521543
2020-11-20,12.75,11.524069
2020-11-23,12.75,11.546844
2020-11-24,12.763250350952148,11.568791
2020-11-25,12.767250061035156,11.616769
2020-11-27,12.789999961853027,11.636897
2020-11-30,12.793749809265137,11.745498
2020-12-01,12.798749923706056,11.756215
2020-12-02,12.822999954223633,11.779406
2020-12-03,12.827750205993652,11.783794
2020-12-04,12.842249870300291,11.790687
2020-12-07,12.843999862670898,11.810485
2020-12-08,12.84850025177002,11.821467
2020-12-09,12.849499702453612,11.847348
2020-12-10,12.868249893188477,11.855632
2020-12-11,12.87874984741211,11.862329
2020-12-14,12.878999710083008,11.876658
2020-12-15,12.885000228881836,11.883595
2020-12-16,12.886500358581545,11.889948
2020-12-17,12.896750450134276,11.896633
2020-12-18,12.902750015258787,11.9079075
2020-12-21,12.906749725341797,11.919784
2020-12-22,12.911499977111816,11.924453
2020-12-23,12.913000106811523,11.933168
2020-12-24,12.914999961853027,11.959733
2020-12-28,12.933250427246094,11.992262
2020-12-29,12.938750267028809,12.006719
2020-12-30,12.948249816894531,12.020671
2020-12-31,12.956000328063965,12.042104
2021-01-04,12.96049976348877,12.048802
2021-01-05,12.962499618530272,12.053111
2021-01-06,12.967499732971191,12.059613
2021-01-07,12.972249984741213,12.080991
2021-01-08,12.982500076293944,12.084586
2021-01-11,12.989500045776367,12.098126
2021-01-12,13.005000114440918,12.11033
2021-01-13,13.010000228881836,12.133742
2021-01-14,13.01550006866455,12.147254
2021-01-15,13.020000457763672,12.174102
2021-01-19,13.021249771118164,12.18345
2021-01-20,13.037750244140623,12.205958
2021-01-21,13.03849983215332,12.229527
2021-01-22,13.041999816894531,12.238666
2021-01-25,13.050999641418455,12.241334
2021-01-26,13.053999900817873,12.27279
2021-01-27,13.056750297546388,12.289797
2021-01-28,13.057000160217283,12.299506
2021-01-29,13.059249877929688,12.355937
2021-02-01,13.060999870300291,12.387346
2021-02-02,13.0649995803833,12.394565
2021-02-03,13.070500373840332,12.404497
2021-02-04,13.077500343322754,12.446698
2021-02-05,13.086999893188477,12.46493
2021-02-08,13.098999977111816,12.467597
2021-02-09,13.100000381469728,12.471681
2021-02-10,13.102999687194824,12.49201
2021-02-11,13.109999656677246,12.498052
2021-02-12,13.11674976348877,12.518428
2021-02-16,13.121999740600586,12.559009
2021-02-17,13.150250434875488,12.561621
2021-02-18,13.156000137329102,12.570619
2021-02-19,13.170499801635742,12.615384
2021-02-22,13.178500175476074,12.631967
2021-02-23,13.180500030517578,12.635503
2021-02-24,13.1850004196167,12.662931
2021-02-25,13.186750411987305,12.667434
2021-02-26,13.191499710083008,12.706042
2021-03-01,13.211000442504885,12.709138
2021-03-02,13.212499618530272,12.751142
2021-03-03,13.2162504196167,12.757276
2021-03-04,13.222749710083008,12.770744
2021-03-05,13.228249549865724,12.787877
2021-03-08,13.231749534606934,12.7907715
2021-03-09,13.23425006866455,12.832923
2021-03-10,13.236499786376951,12.902005
2021-03-11,13.253000259399414,12.911149
2021-03-12,13.270000457763672,12.922828
2021-03-15,13.281499862670898,12.929866
2021-03-16,13.285499572753906,12.950908
2021-03-17,13.291250228881836,12.958401
2021-03-18,13.29699993133545,12.963756
2021-03-19,13.303750038146973,13.014887
2021-03-22,13.315999984741213,13.033444
2021-03-23,13.32900047302246,13.084781
2021-03-24,13.336999893188477,13.099666
2021-03-25,13.337750434875488,13.126205
2021-03-26,13.345000267028809,13.1312275
2021-03-29,13.345999717712402,13.147843
2021-03-30,13.35099983215332,13.159074
2021-03-31,13.361000061035156,13.171744
2021-04-01,13.362500190734863,13.177026
2021-04-05,13.369000434875488,13.1849985
2021-04-06,13.385000228881836,13.204748
2021-04-07,13.387499809265137,13.214316
2021-04-08,13.388750076293944,13.22536
2021-04-09,13.38949966430664,13.23912
2021-04-12,13.395999908447266,13.241219
2021-04-13,13.406749725341797,13.252372
2021-04-14,13.43649959564209,13.282274
2021-04-15,13.458999633789062,13.308957
2021-04-16,13.460749626159668,13.332815
2021-04-19,13.477499961853027,13.365903
2021-04-20,13.5,13.402132
2021-04-21,13.506999969482422,13.453305
2021-04-22,13.511249542236328,13.465547
2021-04-23,13.51650047302246,13.481202
2021-04-26,13.519000053405762,13.502959
2021-04-27,13.54325008392334,13.5293
2021-04-28,13.54574966430664,13.55347
2021-04-29,13.553250312805176,13.56898
2021-04-30,13.590999603271484,13.57717
2021-05-03,13.610750198364258,13.596555
2021-05-04,13.627249717712402,13.614724
2021-05-05,13.66075038909912,13.619025
2021-05-06,13.664999961853027,13.661803
2021-05-07,13.696999549865724,13.680955
2021-05-10,13.709250450134276,13.721988
2021-05-11,13.71150016784668,13.732833
2021-05-12,13.727250099182127,13.746825
2021-05-13,13.732999801635742,13.756758
2021-05-14,13.748499870300291,13.762452
2021-05-17,13.75,13.785193
2021-05-18,13.755999565124512,13.801993
2021-05-19,13.758000373840332,13.813494
2021-05-20,13.758999824523926,13.829258
2021-05-21,13.767749786376951,13.83939
2021-05-24,13.773500442504885,13.859336
2021-05-25,13.792499542236328,13.864201
2021-05-26,13.853500366210938,13.938195
2021-05-27,13.863499641418455,13.943896
2021-05-28,13.883999824523926,13.976368
2021-06-01,13.895000457763672,14.00586
2021-06-02,13.899999618530272,14.013545
2021-06-03,13.912500381469728,14.018272
2021-06-04,13.95400047302246,14.029685
2021-06-07,13.960000038146973,14.040763
2021-06-08,13.991000175476074,14.045737
2021-06-09,14.003999710083008,14.10533
2021-06-10,14.010250091552734,14.119785
2021-06-11,14.018750190734863,14.134153
2021-06-14,14.034000396728516,14.191224
2021-06-15,14.05500030517578,14.221611
2021-06-16,14.055999755859377,14.231236
2021-06-17,14.095999717712402,14.255662
2021-06-18,14.12600040435791,14.297366
2021-06-21,14.139249801635742,14.333729
2021-06-22,14.14799976348877,14.360105
2021-06-23,14.175000190734863,14.40685
2021-06-24,14.197999954223633,14.462345
2021-06-25,14.215999603271484,14.470815
2021-06-28,14.218000411987305,14.488013
2021-06-29,14.22249984741211,14.496983
2021-06-30,14.22700023651123,14.587973
2021-07-01,14.232999801635742,14.622502
2021-07-02,14.241000175476074,14.637277
2021-07-06,14.24899959564209,14.671282
2021-07-07,14.25,14.680557
2021-07-08,14.270500183105469,14.770163
2021-07-09,14.324999809265137,14.789184
2021-07-12,14.341500282287598,14.823175
2021-07-13,14.387499809265137,14.83826
2021-07-14,14.392000198364258,14.867819
2021-07-15,14.46500015258789,14.877676
2021-07-16,14.54699993133545,14.889174
2021-07-19,14.574999809265137,14.93948
2021-07-20,14.67175006866455,14.968349
2021-07-21,14.727999687194824,14.997365
2021-07-22,14.774999618530272,15.016264
2021-07-23,14.779999732971191,15.075239
2021-07-26,14.783499717712402,15.084989
2021-07-27,14.787500381469728,15.109214
2021-07-28,14.788999557495115,15.121514
2021-07-29,14.846750259399414,15.139057
2021-07-30,14.862000465393066,15.157775
2021-08-02,14.869500160217283,15.180871
2021-08-03,14.876999855041504,15.213162
2021-08-04,14.881999969482422,15.225556
2021-08-05,14.883000373840332,15.244428
2021-08-06,14.900250434875488,15.246622
2021-08-09,14.925000190734863,15.279352
2021-08-10,14.949999809265137,15.291978
2021-08-11,14.958999633789062,15.346316
2021-08-12,14.963000297546388,15.355207
2021-08-13,14.996999740600586,15.383063
2021-08-16,15.038000106811523,15.391744
2021-08-17,15.071499824523926,15.426313
2021-08-18,15.079999923706056,15.431186
2021-08-19,15.102250099182127,15.442279
2021-08-20,15.119999885559082,15.451064
2021-08-23,15.121999740600586,15.458299
2021-08-24,15.125,15.508559
2021-08-25,15.125749588012695,15.524869
2021-08-26,15.140999794006348,15.562327
2021-08-27,15.170000076293944,15.582567
2021-08-30,15.175999641418455,15.606746
2021-08-31,15.182000160217283,15.636462
2021-09-01,15.215499877929688,15.659146
2021-09-02,15.227499961853027,15.672981
2021-09-03,15.232999801635742,15.700011
2021-09-07,15.32800006866455,15.746016
2021-09-08,15.354499816894531,15.751983
2021-09-09,15.388999938964844,15.769153
2021-09-10,15.388999938964844,15.817882
2021-09-13,15.401000022888184,15.834018
2021-09-14,15.411999702453612,15.855667
2021-09-15,15.44499969482422,15.876346
2021-09-16,15.460000038146973,15.898989
2021-09-17,15.472000122070312,15.959119
2021-09-20,15.482000350952148,16.061321
2021-09-21,15.482500076293944,16.066957
2021-09-22,15.491999626159668,16.081362
2021-09-23,15.50100040435791,16.145311
2021-09-24,15.520000457763672,16.174177
2021-09-27,15.53499984741211,16.19238
2021-09-28,15.562999725341797,16.210686
2021-09-29,15.56700038909912,16.241615
2021-09-30,15.58625030517578,16.323078
2021-10-01,15.597000122070312,16.34687
2021-10-04,15.605999946594238,16.36419
2021-10-05,15.631500244140623,16.38575
2021-10-06,15.666999816894531,16.402237
2021-10-07,15.725000381469728,16.44278
2021-10-08,15.755000114440918,16.453575
2021-10-11,15.767000198364258,16.486742
2021-10-12,15.779999732971191,16.513763
2021-10-13,15.819000244140623,16.528358
2021-10-14,15.85200023651123,16.545456
2021-10-15,15.852999687194824,16.558472
2021-10-18,15.865249633789062,16.595676
2021-10-19,15.873000144958496,16.621605
2021-10-20,15.903249740600586,16.731873
2021-10-21,15.92199993133545,16.76534
2021-10-22,15.925999641418455,16.784544
2021-10-25,15.94499969482422,16.815622
2021-10-26,15.958999633789062,16.83904
2021-10-27,16.0,16.90048
2021-10-28,16.00200080871582,16.926834
2021-10-29,16.02199935913086,16.955864
2021-11-01,16.04800033569336,16.98626
2021-11-02,16.101999282836914,17.008806
2021-11-03,16.145000457763672,17.039257
2021-11-04,16.165000915527344,17.066402
2021-11-05,16.172000885009766,17.098276
2021-11-08,16.172000885009766,17.114975
2021-11-09,16.179000854492188,17.13361
2021-11-10,16.18000030517578,17.14646
2021-11-11,16.23550033569336,17.182606
2021-11-12,16.23699951171875,17.222874
2021-11-15,16.309999465942383,17.265053
2021-11-16,16.381999969482422,17.274536
2021-11-17,16.406999588012695,17.285404
2021-11-18,16.40999984741211,17.303696
2021-11-19,16.44499969482422,17.322971
2021-11-22,16.472000122070312,17.33665
2021-11-23,16.47800064086914,17.38175
2021-11-24,16.56800079345703,17.388561
2021-11-26,16.58300018310547,17.405962
2021-11-29,16.593000411987305,17.426018
2021-11-30,16.625999450683594,17.433285
2021-12-01,16.635000228881836,17.456795
2021-12-02,16.64900016784668,17.475517
2021-12-03,16.700000762939453,17.487745
2021-12-06,16.724000930786133,17.493248
2021-12-07,16.731000900268555,17.529902
2021-12-08,16.733999252319336,17.552382
2021-12-09,16.797000885009766,17.5621
2021-12-10,16.801000595092773,17.568512
2021-12-13,16.825000762939453,17.598764
2021-12-14,16.82699966430664,17.625423
2021-12-15,16.83300018310547,17.664112
2021-12-16,16.86400032043457,17.691154
2021-12-17,16.868999481201172,17.747757
2021-12-20,16.895000457763672,17.765324
2021-12-21,16.89900016784668,17.777906
2021-12-22,16.913000106811523,17.79691
2021-12-23,16.965999603271484,17.865543
2021-12-27,16.969999313354492,17.896631
2021-12-28,16.975000381469727,17.914803
2021-12-29,17.024999618530273,17.93898
2021-12-30,17.095500946044922,17.948845
2021-12-31,17.106000900268555,17.968157
2022-01-03,17.136999130249023,17.984554
2022-01-04,17.176000595092773,18.003304
2022-01-05,17.192750930786133,18.043922
2022-01-06,17.242000579833984,18.05196
2022-01-07,17.250999450683594,18.062443
2022-01-10,17.25575065612793,18.077435
2022-01-11,17.281999588012695,18.112759
2022-01-12,17.316999435424805,18.128086
2022-01-13,17.420000076293945,18.146889
2022-01-14,17.440000534057617,18.162418
2022-01-18,17.443750381469727,18.171864
2022-01-19,17.545000076293945,18.217709
2022-01-20,17.58449935913086,18.24416
2022-01-21,17.634000778198242,18.27561
2022-01-24,17.662750244140625,18.289593
2022-01-25,17.691999435424805,18.328236
2022-01-26,17.711000442504883,18.336895
2022-01-27,17.72800064086914,18.372196
2022-01-28,17.756250381469727,18.402437
2022-01-31,17.770000457763672,18.453026
2022-02-01,17.81800079345703,18.462074
2022-02-02,17.822750091552734,18.485966
2022-02-03,17.86549949645996,18.550552
2022-02-04,17.875999450683594,18.580612
2022-02-07,17.952999114990234,18.611393
2022-02-08,17.989999771118164,18.61699
2022-02-09,17.989999771118164,18.650131
2022-02-10,18.041000366210938,18.68982
2022-02-11,18.072999954223633,18.765728
2022-02-14,18.09199905395508,18.819805
2022-02-15,18.100000381469727,18.858168
2022-02-16,18.121999740600582,18.87754
2022-02-17,18.136999130249023,18.896078
2022-02-18,18.145000457763672,18.91555
2022-02-22,18.163999557495117,18.939137
2022-02-23,18.183000564575195,19.012102
2022-02-24,18.187999725341797,19.029266
2022-02-25,18.197999954223633,19.055763
2022-02-28,18.290000915527344,19.067818
2022-03-01,18.350000381469727,19.084042
2022-03-02,18.38599967956543,19.09589
2022-03-03,18.391000747680664,19.139595
2022-03-04,18.489999771118164,19.15439
2022-03-07,18.5,19.22721
2022-03-08,18.500999450683594,19.296478
2022-03-09,18.517000198364254,19.323994
2022-03-10,18.52199935913086,19.341064
2022-03-11,18.53499984741211,19.386494
2022-03-14,18.56399917602539,19.402393
2022-03-15,18.579999923706055,19.421093
2022-03-16,18.583999633789062,19.43451
2022-03-17,18.613000869750977,19.450066
2022-03-18,18.666000366210938,19.483046
2022-03-21,18.670000076293945,19.544132
2022-03-22,18.74099922180176,19.59993
2022-03-23,18.742000579833984,19.64593
2022-03-24,18.750999450683594,19.660542
2022-03-25,18.760000228881836,19.669247
2022-03-28,18.761999130249023,19.689358
2022-03-29,18.81999969482422,19.708559
2022-03-30,18.85849952697754,19.753654
2022-03-31,18.894500732421875,19.786892
2022-04-01,18.90774917602539,19.845512
2022-04-04,18.913999557495117,19.871174
2022-04-05,18.950000762939453,19.914047
2022-04-06,18.9950008392334,19.941849
2022-04-07,19.0,19.954655
2022-04-08,19.08824920654297,20.032982
2022-04-11,19.09600067138672,20.051308
2022-04-12,19.132999420166016,20.069332
2022-04-13,19.149999618530273,20.106955
2022-04-14,19.219999313354492,20.118578
2022-04-18,19.25,20.154013
2022-04-19,19.26300048828125,20.166857
2022-04-20,19.267000198364254,20.187607
2022-04-21,19.275999069213867,20.218655
2022-04-22,19.277999877929688,20.234865
2022-04-25,19.319000244140625,20.255817
2022-04-26,19.32799911499023,20.269444
2022-04-27,19.361000061035156,20.279072
2022-04-28,19.405000686645508,20.339727
2022-04-29,19.43000030517578,20.371141
2022-05-02,19.45299911499023,20.415184
2022-05-03,19.5,20.425041
2022-05-04,19.55500030517578,20.448727
2022-05-05,19.611000061035156,20.468384
2022-05-06,19.6200008392334,20.486343
2022-05-09,19.656999588012695,20.522867
2022-05-10,19.70075035095215,20.54914
2022-05-11,19.752750396728516,20.598194
2022-05-12,19.754249572753903,20.672352
2022-05-13,19.82799911499023,20.679771
2022-05-16,19.834999084472656,20.695988
2022-05-17,19.85099983215332,20.723127
2022-05-18,19.854000091552734,20.76786
2022-05-19,19.863750457763672,20.78751
2022-05-20,19.933000564575195,20.814796
2022-05-23,20.0,20.839802
2022-05-24,20.018999099731445,20.862524
2022-05-25,20.079999923706055,20.8813
2022-05-26,20.11400032043457,20.995548
2022-05-27,20.14299964904785,21.045006
2022-05-31,20.1877498626709,21.081902
2022-06-01,20.20299911499023,21.134766
2022-06-02,20.209999084472656,21.198116
2022-06-03,20.287750244140625,21.219683
2022-06-06,20.332000732421875,21.248726
2022-06-07,20.34199905395508,21.26691
2022-06-08,20.350250244140625,21.286154
2022-06-09,20.42099952697754,21.313835
2022-06-10,20.46699905395508,21.330704
2022-06-13,20.51099967956543,21.364574
2022-06-14,20.527999877929688,21.383932
2022-06-15,20.618000030517575,21.422924
2022-06-16,20.649999618530273,21.445072
2022-06-17,20.650999069213867,21.480423
2022-06-21,20.66200065612793,21.524288
2022-06-22,20.687999725341797,21.606876
2022-06-23,20.700000762939453,21.65424
2022-06-24,20.71299934387207,21.678394
2022-06-27,20.774999618530273,21.695702
2022-06-28,20.785999298095703,21.763044
2022-06-29,20.788999557495117,21.840298
2022-06-30,20.81100082397461,21.86623
2022-07-01,20.88800048828125,21.886406
2022-07-05,20.88999938964844,21.937
2022-07-06,20.950000762939453,21.959045
2022-07-07,20.950000762939453,21.981121
2022-07-08,20.961999893188477,22.02092
2022-07-11,20.972000122070312,22.037071
2022-07-12,20.975000381469727,22.08509
2022-07-13,21.07900047302246,22.150536
2022-07-14,21.121999740600582,22.178778
2022-07-15,21.149999618530273,22.221277
2022-07-18,21.159000396728516,22.293468
2022-07-19,21.163000106811523,22.320301
2022-07-20,21.195999145507812,22.347246
2022-07-21,21.200000762939453,22.391296
2022-07-22,21.281999588012695,22.411749
2022-07-25,21.29599952697754,22.461535
2022-07-26,21.31399917602539,22.497711
2022-07-27,21.32200050354004,22.50146
2022-07-28,21.325000762939453,22.510939
2022-07-29,21.329999923706055,22.529434
2022-08-01,21.36599922180176,22.577663
2022-08-02,21.454999923706055,22.589748
2022-08-03,21.53499984741211,22.609509
2022-08-04,21.643999099731445,22.631298
2022-08-05,21.65999984741211,22.65701
2022-08-08,21.66200065612793,22.676472
2022-08-09,21.674999237060547,22.687101
2022-08-10,21.722000122070312,22.7016
2022-08-11,21.790000915527344,22.712032
2022-08-12,21.829999923706055,22.737923
2022-08-15,21.857999801635746,22.743979
2022-08-16,21.861000061035156,22.753086
2022-08-17,21.881999969482425,22.769466
2022-08-18,21.88999938964844,22.783596
2022-08-19,21.927000045776367,22.819431
2022-08-22,21.927000045776367,22.839249
2022-08-23,21.965999603271484,22.877007
2022-08-24,21.97699928283691,22.89903
2022-08-25,21.98200035095215,22.939533
2022-08-26,22.0,22.970867
2022-08-29,22.007999420166016,23.006647
2022-08-30,22.03700065612793,23.019894
2022-08-31,22.04599952697754,23.058437
2022-09-01,22.08300018310547,23.08164
2022-09-02,22.086000442504883,23.086914
2022-09-06,22.106000900268555,23.1497
2022-09-07,22.1200008392334,23.170431
2022-09-08,22.1200008392334,23.20596
2022-09-09,22.131000518798828,23.246714
2022-09-12,22.16699981689453,23.251362
2022-09-13,22.200000762939453,23.303743
2022-09-14,22.246999740600582,23.35252
2022-09-15,22.270000457763672,23.40784
2022-09-16,22.295000076293945,23.451351
2022-09-19,22.29700088500977,23.491709
2022-09-20,22.299999237060547,23.502901
2022-09-21,22.301000595092773,23.574951
2022-09-22,22.35700035095215,23.592041
2022-09-23,22.43199920654297,23.635382
2022-09-26,22.48200035095215,23.721428
2022-09-27,22.507999420166016,23.730783
2022-09-28,22.52199935913086,23.81731
2022-09-29,22.551000595092773,23.881119
2022-09-30,22.56100082397461,23.945896
2022-10-03,22.72599983215332,23.998161
2022-10-04,22.770000457763672,24.070765
2022-10-05,22.94700050354004,24.141174
2022-10-06,23.0,24.160618
2022-10-07,23.024999618530273,24.191172
2022-10-10,23.052000045776367,24.22772
2022-10-11,23.062000274658203,24.240442
2022-10-12,23.100000381469727,24.323048
2022-10-13,23.1299991607666,24.355309
2022-10-14,23.131999969482425,24.365152
2022-10-17,23.17200088500977,24.389835
2022-10-18,23.20599937438965,24.433338
2022-10-19,23.24099922180176,24.455671
2022-10-20,23.26300048828125,24.492338
2022-10-21,23.36000061035156,24.527025
2022-10-24,23.381000518798828,24.576347
2022-10-25,23.382999420166016,24.615482
2022-10-26,23.415000915527344,24.657627
2022-10-27,23.423999786376953,24.706787
2022-10-28,23.45400047302246,24.775341
2022-10-31,23.459999084472656,24.820065
2022-11-01,23.4689998626709,24.838177
2022-11-02,23.47800064086914,24.914919
2022-11-03,23.48699951171875,24.944324
2022-11-04,23.631999969482425,24.966022
2022-11-07,23.707000732421875,24.988283
2022-11-08,23.7549991607666,25.082075
2022-11-09,23.77300071716309,25.139057
2022-11-10,23.780000686645508,25.235111
2022-11-11,23.88999938964844,25.266224
2022-11-14,23.893999099731445,25.29489
2022-11-15,23.9060001373291,25.306328
2022-11-16,23.923999786376953,25.32407
2022-11-17,23.979999542236328,25.393835
2022-11-18,24.003000259399418,25.440628
2022-11-21,24.07799911499023,25.470737
2022-11-22,24.165000915527344,25.517561
2022-11-23,24.20199966430664,25.592348
2022-11-25,24.281999588012695,25.66183
2022-11-28,24.52300071716309,25.748735
2022-11-29,24.55299949645996,25.807365
2022-11-30,24.624000549316406,25.974281
2022-12-01,24.784000396728516,25.99965
2022-12-02,25.0,26.054739
2022-12-05,25.052000045776367,26.165781
2022-12-06,25.1299991607666,26.247116
2022-12-07,25.22699928283691,26.281456
2022-12-08,25.35300064086914,26.315556
2022-12-09,25.381000518798828,26.353207
2022-12-12,25.552000045776367,26.464844
2022-12-13,25.575000762939453,26.55964
2022-12-14,25.600000381469727,26.581413
2022-12-15,25.643999099731445,26.657627
2022-12-16,25.667999267578125,26.685795
2022-12-19,25.770000457763672,26.903687
2022-12-20,25.799999237060547,26.93058
2022-12-21,25.81999969482422,26.946648
2022-12-22,25.850000381469727,26.98325
2022-12-23,25.906999588012695,27.000454
2022-12-27,25.96699905395508,27.01931
2022-12-28,26.07200050354004,27.029984
2022-12-29,26.209999084472656,27.054428
2022-12-30,26.219999313354492,27.092768
2023-01-03,26.225000381469727,27.106377
2023-01-04,26.23500061035156,27.159716
2023-01-05,26.23699951171875,27.201
2023-01-06,26.267000198364254,27.209988
2023-01-09,26.32900047302246,27.309639
2023-01-10,26.354999542236328,27.358871
2023-01-11,26.364999771118164,27.417616
2023-01-12,26.395000457763672,27.444271
2023-01-13,26.427000045776367,27.470057
2023-01-17,26.433000564575195,27.500217
2023-01-18,26.447999954223633,27.520613
2023-01-19,26.49799919128418,27.56528
2023-01-20,26.597000122070312,27.571667
2023-01-23,26.613000869750977,27.623539
2023-01-24,26.625,27.6357
2023-01-25,26.66900062561035,27.720484
2023-01-26,26.67099952697754,27.737692
2023-01-27,26.690000534057617,27.825832
2023-01-30,26.704999923706055,27.83456
2023-01-31,26.722000122070312,27.876795
2023-02-01,26.839000701904297,27.912315
2023-02-02,27.0,27.972088
2023-02-03,27.05699920654297,28.019047
2023-02-06,27.065000534057617,28.074955
2023-02-07,27.070999145507812,28.110556
2023-02-08,27.10199928283691,28.222902
2023-02-09,27.104999542236328,28.325302
2023-02-10,27.118000030517575,28.380827
2023-02-13,27.125999450683594,28.421879
2023-02-14,27.145000457763672,28.427675
2023-02-15,27.20599937438965,28.450876
2023-02-16,27.23200035095215,28.463654
2023-02-17,27.239999771118164,28.494297
2023-02-21,27.25,28.519304
2023-02-22,27.270000457763672,28.52995
2023-02-23,27.270999908447266,28.56637
2023-02-24,27.30699920654297,28.618275
2023-02-27,27.336000442504883,28.657293
2023-02-28,27.35700035095215,28.707523
2023-03-01,27.400999069213867,28.771282
2023-03-02,27.472000122070312,28.783407
2023-03-03,27.503000259399418,28.817993
2023-03-06,27.53300094604492,28.843185
2023-03-07,27.607999801635746,28.871342
2023-03-08,27.731000900268555,28.919395
2023-03-09,27.760000228881836,28.945206
2023-03-10,27.780000686645508,28.968067
2023-03-13,27.83799934387207,29.05052
2023-03-14,27.979999542236328,29.063217
2023-03-15,28.038000106811523,29.177223
2023-03-16,28.04599952697754,29.211596
2023-03-17,28.08300018310547,29.28816
2023-03-20,28.093000411987305,29.335297
2023-03-21,28.11599922180176,29.37886
2023-03-22,28.152000427246097,29.471464
2023-03-23,28.246000289916992,29.541147
2023-03-24,28.349000930786133,29.601994
2023-03-27,28.350000381469727,29.623102
2023-03-28,28.448999404907227,29.671772
2023-03-29,28.450000762939453,29.760405
2023-03-30,28.461000442504883,29.805752
2023-03-31,28.777999877929688,29.908995
2023-04-03,28.799999237060547,29.959328
2023-04-04,28.832000732421875,29.981234
2023-04-05,29.246999740600582,30.06321
2023-04-06,29.33099937438965,30.087591
2023-04-10,29.36599922180176,30.167633
2023-04-11,29.40999984741211,30.24527
2023-04-12,29.43000030517578,30.312279
2023-04-13,29.430999755859375,30.356668
2023-04-14,29.540000915527344,30.388405
2023-04-17,29.6299991607666,30.421955
2023-04-18,29.63999938964844,30.447807
2023-04-19,29.70599937438965,30.518393
2023-04-20,29.777000427246097,30.61289
2023-04-21,29.78499984741211,30.641516
2023-04-24,29.805999755859375,30.673206
2023-04-25,29.861000061035156,30.729185
2023-04-26,29.906999588012695,30.77438
2023-04-27,29.964000701904297,30.87116
2023-04-28,30.011999130249023,30.894554
2023-05-01,30.1299991607666,30.934399
2023-05-02,30.31999969482422,31.178526
2023-05-03,30.42799949645996,31.243992
2023-05-04,30.631000518798828,31.340359
2023-05-05,30.650999069213867,31.398125
2023-05-08,30.68000030517578,31.486856
2023-05-09,30.8799991607666,31.577162
2023-05-10,30.916000366210938,31.685867
2023-05-11,30.92799949645996,31.727634
2023-05-12,31.024999618530273,31.76953
2023-05-15,31.320999145507812,31.836689
2023-05-16,31.350000381469727,32.03712
2023-05-17,31.3799991607666,32.10649
2023-05-18,31.42099952697754,32.275867
2023-05-19,31.86400032043457,32.393112
2023-05-22,31.899999618530273,32.557507
2023-05-23,31.905000686645508,32.722878
2023-05-24,32.0359992980957,32.968697
2023-05-25,36.6349983215332,34.82446
2023-05-26,37.35599899291992,34.99292
2023-05-30,37.505001068115234,35.095825
2023-05-31,37.54999923706055,35.298317
2023-06-01,37.821998596191406,35.458183
2023-06-02,38.14799880981445,35.58893
2023-06-05,38.34000015258789,35.652977
2023-06-06,38.56700134277344,35.742435
2023-06-07,38.61800003051758,35.830513
2023-06-08,38.707000732421875,36.062603
2023-06-09,39.05799865722656,36.240273
2023-06-12,39.22999954223633,36.4085
2023-06-13,39.7400016784668,36.547806
2023-06-14,39.880001068115234,36.611244
2023-06-15,39.94900131225586,36.691895
2023-06-16,40.01499938964844,36.786545
2023-06-20,40.099998474121094,36.81726
2023-06-21,40.31100082397461,36.87142
2023-06-22,40.448001861572266,37.048645
2023-06-23,40.48099899291992,37.081787
2023-06-26,40.51800155639648,37.128864
2023-06-27,40.551998138427734,37.17942
2023-06-28,40.599998474121094,37.296997
2023-06-29,40.63899993896485,37.396454
2023-06-30,40.86899948120117,37.464947
2023-07-03,40.94499969482422,37.55072
2023-07-05,40.97999954223633,37.656643
2023-07-06,41.077999114990234,37.764374
2023-07-07,41.176998138427734,37.837196
2023-07-10,41.23099899291992,37.969597
2023-07-11,41.34600067138672,38.0476
2023-07-12,41.500999450683594,38.071495
2023-07-13,41.55500030517578,38.170753
2023-07-14,41.62900161743164,38.23356
2023-07-17,41.64899826049805,38.27105
2023-07-18,41.654998779296875,38.30669
2023-07-19,41.65999984741211,38.355087
2023-07-20,41.82500076293945,38.397144
2023-07-21,41.834999084472656,38.40946
2023-07-24,41.88199996948242,38.419155
2023-07-25,42.0,38.47279
2023-07-26,42.01499938964844,38.53932
2023-07-27,42.06700134277344,38.58486
2023-07-28,42.08000183105469,38.677982
2023-07-31,42.084999084472656,38.742447
2023-08-01,42.1150016784668,38.882687
2023-08-02,42.13399887084961,38.915077
2023-08-03,42.14699935913086,38.941814
2023-08-04,42.18000030517578,38.970474
2023-08-07,42.20199966430664,39.01285
2023-08-08,42.222999572753906,39.16247
2023-08-09,42.23400115966797,39.21306
2023-08-10,42.47999954223633,39.27205
2023-08-11,42.6609992980957,39.30339
2023-08-14,42.67399978637695,39.31652
2023-08-15,42.69100189208984,39.340107
2023-08-16,42.777000427246094,39.460434
2023-08-17,42.89400100708008,39.53139
2023-08-18,43.000999450683594,39.577812
2023-08-21,43.00199890136719,39.695877
2023-08-22,43.24599838256836,39.755207
2023-08-23,43.29199981689453,39.820503
2023-08-24,43.30699920654297,39.941856
2023-08-25,43.387001037597656,39.956955
2023-08-28,43.40599822998047,40.036987
2023-08-29,43.709999084472656,40.097336
2023-08-30,43.722999572753906,40.175407
2023-08-31,43.79999923706055,40.23039
2023-09-01,43.80799865722656,40.35444
2023-09-05,43.86100006103515,40.445435
2023-09-06,43.88800048828125,40.48568
2023-09-07,44.0260009765625,40.51011
2023-09-08,44.040000915527344,40.540142
2023-09-11,44.055999755859375,40.586987
2023-09-12,44.099998474121094,40.632675
2023-09-13,44.22200012207031,40.701534
2023-09-14,44.3120002746582,40.78038
2023-09-15,44.36800003051758,40.81968
2023-09-18,44.39300155639648,40.985573
2023-09-19,44.492000579833984,41.03293
2023-09-20,44.50299835205078,41.09179
2023-09-21,44.53099822998047,41.12577
2023-09-22,44.5629997253418,41.195744
2023-09-25,44.630001068115234,41.210415
2023-09-26,44.88800048828125,41.274277
2023-09-27,44.89899826049805,41.318447
2023-09-28,44.9119987487793,41.35683
2023-09-29,44.92300033569336,41.376366
2023-10-02,45.0099983215332,41.415535
2023-10-03,45.02399826049805,41.470757
2023-10-04,45.060001373291016,41.501778
2023-10-05,45.0620002746582,41.521675
2023-10-06,45.0880012512207,41.56655
2023-10-09,45.13100051879883,41.60826
2023-10-10,45.152000427246094,41.633324
2023-10-11,45.15800094604492,41.715843
2023-10-12,45.20800018310547,41.802376
2023-10-13,45.262001037597656,41.85511
2023-10-16,45.270999908447266,41.909462
2023-10-17,45.270999908447266,42.01878
2023-10-18,45.279998779296875,42.059986
2023-10-19,45.33300018310547,42.123047
2023-10-20,45.4119987487793,42.200325
2023-10-23,45.604000091552734,42.228485
2023-10-24,45.73400115966797,42.249546
2023-10-25,45.75,42.298203
2023-10-26,45.83000183105469,42.356926
2023-10-27,45.96799850463867,42.399338
2023-10-30,46.027000427246094,42.425148
2023-10-31,46.04600143432617,42.45574
2023-11-01,46.04999923706055,42.477516
2023-11-02,46.1870002746582,42.527588
2023-11-03,46.33000183105469,42.572517
2023-11-06,46.38100051879883,42.6418
2023-11-07,46.39099884033203,42.77771
2023-11-08,46.422000885009766,42.83072
2023-11-09,46.50600051879883,42.846725
2023-11-10,46.54999923706055,42.893284
2023-11-13,46.58000183105469,43.008682
2023-11-14,46.742000579833984,43.126926
2023-11-15,46.75,43.261658
2023-11-16,47.15900039672851,43.409615
2023-11-17,47.28300094604492,43.502975
2023-11-20,47.31999969482422,43.56994
2023-11-21,47.422000885009766,43.74112
2023-11-22,47.472999572753906,43.7908
2023-11-24,47.507999420166016,43.856255
2023-11-27,47.595001220703125,43.882744
2023-11-28,47.608001708984375,43.983776
2023-11-29,47.652000427246094,44.05082
2023-11-30,47.689998626708984,44.144707
2023-12-01,47.744998931884766,44.21974
2023-12-04,47.86000061035156,44.27222
2023-12-05,47.86000061035156,44.411636
2023-12-06,48.097999572753906,44.476154
2023-12-07,48.0989990234375,44.61947
2023-12-08,48.119998931884766,44.70501
2023-12-11,48.141998291015625,44.760334
2023-12-12,48.20000076293945,44.81977
2023-12-13,48.305999755859375,44.95903
2023-12-14,48.33000183105469,45.00525
2023-12-15,48.41899871826172,45.058243
2023-12-18,48.42499923706055,45.11122
2023-12-19,48.46699905395508,45.13343
2023-12-20,48.750999450683594,45.210873
2023-12-21,48.89500045776367,45.28882
2023-12-22,48.95800018310547,45.336235
2023-12-26,48.959999084472656,45.376015
2023-12-27,49.00699996948242,45.447853
2023-12-28,49.040000915527344,45.451878
2023-12-29,49.084999084472656,45.504604
2024-01-02,49.150001525878906,45.590347
2024-01-03,49.180999755859375,45.702873
2024-01-04,49.22200012207031,45.81281
2024-01-05,49.4119987487793,45.973896
2024-01-08,49.479000091552734,46.72406
2024-01-09,51.689998626708984,47.413452
2024-01-10,53.48899841308594,47.939064
2024-01-11,53.560001373291016,48.164627
2024-01-12,54.33000183105469,48.28102
2024-01-16,54.7400016784668,48.73472
2024-01-17,54.900001525878906,49.035908
2024-01-18,56.10699844360352,49.541763
