Date,High,Guess High
2018-01-02,3.249500036239624,3.1594594
2018-01-03,3.309499979019165,3.212687
2018-01-04,3.3285000324249268,3.2172108
2018-01-05,3.378999948501587,3.2243788
2018-01-08,3.4177498817443848,3.2239337
2018-01-09,3.4347500801086426,3.2321918
2018-01-10,3.4367499351501465,3.2329977
2018-01-11,3.4375,3.2414181
2018-01-12,3.4432499408721924,3.253393
2018-01-16,3.4492499828338623,3.255222
2018-01-17,3.452500104904175,3.2583733
2018-01-18,3.461999893188477,3.2596765
2018-01-19,3.4962499141693115,3.2608695
2018-01-22,3.5409998893737793,3.2658663
2018-01-23,3.543750047683716,3.2680743
2018-01-24,3.5450000762939453,3.2695918
2018-01-25,3.570499897003174,3.2732081
2018-01-26,3.580250024795532,3.2766783
2018-01-29,3.6122500896453857,3.2851398
2018-01-30,3.619250059127808,3.2872267
2018-01-31,3.6222500801086426,3.3013551
2018-02-01,3.62975001335144,3.303201
2018-02-02,3.6372499465942383,3.3030975
2018-02-05,3.63949990272522,3.3073301
2018-02-06,3.654750108718872,3.3136847
2018-02-07,3.663000106811523,3.314181
2018-02-08,3.66950011253357,3.315069
2018-02-09,3.669749975204468,3.320139
2018-02-12,3.671999931335449,3.3226073
2018-02-13,3.679500102996826,3.3238928
2018-02-14,3.69350004196167,3.324723
2018-02-15,3.703749895095825,3.32475
2018-02-16,3.714499950408935,3.3301892
2018-02-20,3.714999914169311,3.3312404
2018-02-21,3.724999904632568,3.3363378
2018-02-22,3.731250047683716,3.33799
2018-02-23,3.737499952316284,3.3392317
2018-02-26,3.7397499084472656,3.344546
2018-02-27,3.7422499656677246,3.3495677
2018-02-28,3.743750095367432,3.3530567
2018-03-01,3.7582499980926514,3.3557575
2018-03-02,3.7647500038146977,3.3575265
2018-03-05,3.7669999599456783,3.3669035
2018-03-06,3.776750087738037,3.3693511
2018-03-07,3.779750108718872,3.375468
2018-03-08,3.7804999351501465,3.3764143
2018-03-09,3.785749912261963,3.3801122
2018-03-12,3.786499977111816,3.380171
2018-03-13,3.78725004196167,3.381776
2018-03-14,3.790750026702881,3.382088
2018-03-15,3.7950000762939458,3.389585
2018-03-16,3.807499885559082,3.390354
2018-03-19,3.809000015258789,3.392029
2018-03-20,3.819499969482422,3.392646
2018-03-21,3.821500062942505,3.399482
2018-03-22,3.8237500190734863,3.4016469
2018-03-23,3.833250045776367,3.4022222
2018-03-26,3.833750009536743,3.4040005
2018-03-27,3.8345000743865967,3.4042585
2018-03-28,3.836750030517578,3.4143043
2018-03-29,3.846250057220459,3.4142244
2018-04-02,3.846250057220459,3.416293
2018-04-03,3.8545000553131104,3.41784
2018-04-04,3.8564999103546143,3.41837
2018-04-05,3.859250068664551,3.4225512
2018-04-06,3.8637499809265137,3.423276
2018-04-09,3.864500045776367,3.4258072
2018-04-10,3.86899995803833,3.4272726
2018-04-11,3.869250059127808,3.435823
2018-04-12,3.8777499198913574,3.4371598
2018-04-13,3.882499933242798,3.4401958
2018-04-16,3.88700008392334,3.4408176
2018-04-17,3.890000104904175,3.4473503
2018-04-18,3.890749931335449,3.448403
2018-04-19,3.89175009727478,3.4505913
2018-04-20,3.8924999237060542,3.4527044
2018-04-23,3.895750045776367,3.4581807
2018-04-24,3.8970000743865967,3.4606905
2018-04-25,3.897249937057495,3.4620059
2018-04-26,3.8975000381469727,3.4650915
2018-04-27,3.9045000076293945,3.4698093
2018-04-30,3.912499904632568,3.4806216
2018-05-01,3.918750047683716,3.4811935
2018-05-02,3.9252500534057617,3.4818108
2018-05-03,3.933249950408935,3.483742
2018-05-04,3.9397499561309814,3.4901974
2018-05-07,3.947499990463257,3.4902875
2018-05-08,3.94950008392334,3.4972315
2018-05-09,3.951499938964844,3.4986184
2018-05-10,3.953749895095825,3.500007
2018-05-11,3.957750082015991,3.500124
2018-05-14,3.9609999656677246,3.5016043
2018-05-15,3.962249994277954,3.5030062
2018-05-16,3.963749885559082,3.50471
2018-05-17,3.964750051498413,3.5072596
2018-05-18,3.971750020980835,3.5077264
2018-05-21,3.973000049591065,3.507789
2018-05-22,3.9972500801086426,3.5160968
2018-05-23,3.9987499713897705,3.5199592
2018-05-24,4.00124979019165,3.522267
2018-05-25,4.006999969482422,3.5265033
2018-05-29,4.014500141143799,3.533869
2018-05-30,4.019000053405762,3.5343862
2018-05-31,4.021999835968018,3.5366087
2018-06-01,4.026249885559082,3.5380666
2018-06-04,4.031499862670898,3.5394661
2018-06-05,4.037499904632568,3.5419457
2018-06-06,4.03849983215332,3.542332
2018-06-07,4.043000221252441,3.5435038
2018-06-08,4.045499801635742,3.5504968
2018-06-11,4.047749996185303,3.5569322
2018-06-12,4.051499843597412,3.561133
2018-06-13,4.0592498779296875,3.5676453
2018-06-14,4.083499908447266,3.5698187
2018-06-15,4.085000038146973,3.5733588
2018-06-18,4.08650016784668,3.5774875
2018-06-19,4.092750072479248,3.578957
2018-06-20,4.096499919891357,3.583986
2018-06-21,4.096749782562256,3.5917103
2018-06-22,4.0995001792907715,3.5925925
2018-06-25,4.099999904632568,3.6017177
2018-06-26,4.109749794006348,3.608959
2018-06-27,4.110750198364258,3.6120026
2018-06-28,4.131999969482422,3.611807
2018-06-29,4.134250164031982,3.6161075
2018-07-02,4.147749900817871,3.6164644
2018-07-03,4.158750057220459,3.6169608
2018-07-05,4.1645002365112305,3.618922
2018-07-06,4.177499771118164,3.6309586
2018-07-09,4.197999954223633,3.63168
2018-07-10,4.204249858856201,3.6328733
2018-07-11,4.207499980926514,3.6334875
2018-07-12,4.210999965667725,3.6371083
2018-07-13,4.226500034332275,3.6399498
2018-07-16,4.227749824523926,3.6528962
2018-07-17,4.23675012588501,3.6722682
2018-07-18,4.244999885559082,3.6737006
2018-07-19,4.249750137329102,3.6756053
2018-07-20,4.261750221252441,3.6760445
2018-07-23,4.264500141143799,3.6802676
2018-07-24,4.264750003814697,3.690239
2018-07-25,4.266499996185303,3.6978223
2018-07-26,4.271500110626221,3.7097595
2018-07-27,4.2855000495910645,3.726455
2018-07-30,4.288249969482422,3.734874
2018-07-31,4.288249969482422,3.735921
2018-08-01,4.289750099182129,3.7401145
2018-08-02,4.296000003814697,3.7414682
2018-08-03,4.299499988555908,3.7450202
2018-08-06,4.317749977111816,3.7455146
2018-08-07,4.319499969482422,3.7483757
2018-08-08,4.331250190734863,3.7494853
2018-08-09,4.333250045776367,3.7504785
2018-08-10,4.336249828338623,3.7519095
2018-08-13,4.340000152587891,3.761183
2018-08-14,4.348750114440918,3.763367
2018-08-15,4.355500221252441,3.764147
2018-08-16,4.361999988555908,3.76911
2018-08-17,4.367000102996826,3.7712965
2018-08-20,4.386750221252441,3.7789466
2018-08-21,4.393499851226807,3.7795603
2018-08-22,4.398499965667725,3.781894
2018-08-23,4.416749954223633,3.7834811
2018-08-24,4.423749923706055,3.799614
2018-08-27,4.428750038146973,3.7995436
2018-08-28,4.432250022888184,3.8023906
2018-08-29,4.4375,3.80437
2018-08-30,4.4375,3.8074272
2018-08-31,4.442500114440918,3.8085346
2018-09-04,4.446249961853027,3.8098783
2018-09-05,4.447500228881836,3.8154566
2018-09-06,4.454750061035156,3.81979
2018-09-07,4.461249828338623,3.8224885
2018-09-10,4.472249984741211,3.8303196
2018-09-11,4.475500106811523,3.837912
2018-09-12,4.475749969482422,3.8385675
2018-09-13,4.4942498207092285,3.840247
2018-09-14,4.497499942779541,3.857327
2018-09-17,4.499750137329102,3.8580015
2018-09-18,4.508500099182129,3.8591866
2018-09-19,4.511250019073486,3.874534
2018-09-20,4.513500213623047,3.8747232
2018-09-21,4.515999794006348,3.8834636
2018-09-24,4.522250175476074,3.8836322
2018-09-25,4.52400016784668,3.886366
2018-09-26,4.525000095367432,3.8930132
2018-09-27,4.527249813079834,3.8994448
2018-09-28,4.531000137329102,3.9000523
2018-10-01,4.5355000495910645,3.9005687
2018-10-02,4.539000034332275,3.9102848
2018-10-03,4.539999961853027,3.910568
2018-10-04,4.543749809265137,3.9177406
2018-10-05,4.550749778747559,3.930928
2018-10-08,4.567500114440918,3.9327703
2018-10-09,4.577000141143799,3.9327452
2018-10-10,4.578750133514404,3.9336007
2018-10-11,4.587500095367432,3.933578
2018-10-12,4.598249912261963,3.93915
2018-10-15,4.5995001792907715,3.9398
2018-10-16,4.606249809265137,3.9428866
2018-10-17,4.619750022888184,3.9581053
2018-10-18,4.619999885559082,3.9585092
2018-10-19,4.620250225067139,3.9704554
2018-10-22,4.6217498779296875,3.9881673
2018-10-23,4.625,3.9915783
2018-10-24,4.626999855041504,3.9995737
2018-10-25,4.656750202178955,3.9992378
2018-10-26,4.6842498779296875,4.005436
2018-10-29,4.708499908447266,4.0098925
2018-10-30,4.710000038146973,4.02112
2018-10-31,4.723249912261963,4.027173
2018-11-01,4.724249839782715,4.0419207
2018-11-02,4.727499961853027,4.0444727
2018-11-05,4.733500003814697,4.0479
2018-11-06,4.747499942779541,4.056531
2018-11-07,4.7492499351501465,4.060231
2018-11-08,4.761250019073486,4.0715513
2018-11-09,4.761499881744385,4.088135
2018-11-12,4.772250175476074,4.0883408
2018-11-13,4.775000095367432,4.092516
2018-11-14,4.791250228881836,4.09506
2018-11-15,4.798250198364258,4.0980444
2018-11-16,4.820000171661377,4.0994654
2018-11-19,4.820250034332275,4.110564
2018-11-20,4.828499794006348,4.1190915
2018-11-21,4.831500053405762,4.1338253
2018-11-23,4.836750030517578,4.142598
2018-11-26,4.890500068664551,4.13968
2018-11-27,4.891499996185303,4.141229
2018-11-28,4.913750171661377,4.1415977
2018-11-29,4.945250034332275,4.145075
2018-11-30,4.955249786376953,4.1480265
2018-12-03,4.980500221252441,4.160268
2018-12-04,4.982250213623047,4.1697626
2018-12-06,4.987500190734863,4.170801
2018-12-07,5.0632500648498535,4.1680336
2018-12-10,5.071750164031982,4.1743603
2018-12-11,5.074999809265137,4.1785946
2018-12-12,5.085000038146973,4.179412
2018-12-13,5.097249984741211,4.1880026
2018-12-14,5.103250026702881,4.2108107
2018-12-17,5.105249881744385,4.211031
2018-12-18,5.10575008392334,4.227019
2018-12-19,5.120999813079834,4.228759
2018-12-20,5.132500171661377,4.2380686
2018-12-21,5.134500026702881,4.2402353
2018-12-24,5.16225004196167,4.2391825
2018-12-26,5.171999931335449,4.2492237
2018-12-27,5.195499897003174,4.264637
2018-12-28,5.222499847412109,4.265068
2018-12-31,5.226250171661377,4.276619
2019-01-02,5.227749824523926,4.277253
2019-01-03,5.232999801635742,4.286439
2019-01-04,5.236499786376953,4.287528
2019-01-07,5.2417497634887695,4.2900743
2019-01-08,5.243750095367432,4.3376675
2019-01-09,5.247000217437744,4.3405914
2019-01-10,5.248499870300293,4.342019
2019-01-11,5.273250102996826,4.3439827
2019-01-14,5.275000095367432,4.3467426
2019-01-15,5.285749912261963,4.348462
2019-01-16,5.28849983215332,4.3490324
2019-01-17,5.292500019073486,4.350524
2019-01-18,5.29449987411499,4.357008
2019-01-22,5.296500205993652,4.3609333
2019-01-23,5.297999858856201,4.3676815
2019-01-24,5.299499988555908,4.3707657
2019-01-25,5.3147501945495605,4.3733244
2019-01-28,5.323999881744385,4.3735113
2019-01-29,5.330999851226807,4.382636
2019-01-30,5.333749771118164,4.3836746
2019-01-31,5.337250232696533,4.3871965
2019-02-01,5.34250020980835,4.3942614
2019-02-04,5.359250068664551,4.4156284
2019-02-05,5.363749980926514,4.428253
2019-02-06,5.371250152587891,4.4323797
2019-02-07,5.3832502365112305,4.445529
2019-02-08,5.401500225067139,4.447383
2019-02-11,5.4120001792907715,4.45897
2019-02-12,5.41825008392334,4.4725933
2019-02-13,5.422749996185303,4.475279
2019-02-14,5.425000190734863,4.489997
2019-02-15,5.4352498054504395,4.4897156
2019-02-19,5.439000129699707,4.4923515
2019-02-20,5.451250076293945,4.493679
2019-02-21,5.453499794006348,4.4967318
2019-02-22,5.462250232696533,4.499254
2019-02-25,5.50124979019165,4.5086
2019-02-26,5.517250061035156,4.519953
2019-02-27,5.521500110626221,4.5218105
2019-02-28,5.534749984741211,4.521407
2019-03-01,5.535250186920166,4.5237627
2019-03-04,5.5395002365112305,4.5291815
2019-03-05,5.539999961853027,4.5314064
2019-03-06,5.54925012588501,4.5322523
2019-03-07,5.550000190734863,4.5512543
2019-03-08,5.5954999923706055,4.549056
2019-03-11,5.5954999923706055,4.551959
2019-03-12,5.604750156402588,4.5605917
2019-03-13,5.619999885559082,4.5596304
2019-03-14,5.624750137329102,4.560644
2019-03-15,5.625,4.5653152
2019-03-18,5.627999782562256,4.5708065
2019-03-19,5.638750076293945,4.5740395
2019-03-20,5.642499923706055,4.576852
2019-03-21,5.652500152587891,4.5750504
2019-03-22,5.656750202178955,4.585019
2019-03-25,5.665999889373779,4.5910835
2019-03-26,5.666500091552734,4.5911465
2019-03-27,5.681250095367432,4.6070576
2019-03-28,5.687749862670898,4.611823
2019-03-29,5.701499938964844,4.615983
2019-04-01,5.71999979019165,4.6179104
2019-04-02,5.71999979019165,4.624877
2019-04-03,5.7245001792907715,4.6304607
2019-04-04,5.7245001792907715,4.6340933
2019-04-05,5.724999904632568,4.639352
2019-04-08,5.724999904632568,4.647335
2019-04-09,5.728250026702881,4.653453
2019-04-10,5.730000019073486,4.658345
2019-04-11,5.734749794006348,4.660571
2019-04-12,5.757500171661377,4.6741743
2019-04-15,5.757999897003174,4.678733
2019-04-16,5.758749961853027,4.6869793
2019-04-17,5.777249813079834,4.6877375
2019-04-18,5.787499904632568,4.6886234
2019-04-22,5.798500061035156,4.6941366
2019-04-23,5.802499771118164,4.6991224
2019-04-24,5.821000099182129,4.702286
2019-04-25,5.827499866485596,4.7075186
2019-04-26,5.830749988555908,4.717869
2019-04-29,5.843999862670898,4.734252
2019-04-30,5.851250171661377,4.7390137
2019-05-01,5.862500190734863,4.7504015
2019-05-02,5.866250038146973,4.7560215
2019-05-03,5.8742499351501465,4.756419
2019-05-06,5.880499839782715,4.769413
2019-05-07,5.882999897003174,4.7774954
2019-05-08,5.882999897003174,4.7791348
2019-05-09,5.88700008392334,4.7812967
2019-05-10,5.887499809265137,4.784548
2019-05-13,5.892000198364258,4.788535
2019-05-14,5.900000095367432,4.8077908
2019-05-15,5.9029998779296875,4.82607
2019-05-16,5.90500020980835,4.8417015
2019-05-17,5.920000076293945,4.848731
2019-05-20,5.931250095367432,4.8495064
2019-05-21,5.9317498207092285,4.855381
2019-05-22,5.937749862670898,4.861389
2019-05-23,5.9457502365112305,4.869424
2019-05-24,5.949250221252441,4.885088
2019-05-28,5.960000038146973,4.8897915
2019-05-29,5.972249984741211,4.8928957
2019-05-30,5.979750156402588,4.903058
2019-05-31,5.981249809265137,4.904029
2019-06-03,5.982749938964844,4.9101143
2019-06-04,5.993750095367432,4.914052
2019-06-05,5.9957499504089355,4.914671
2019-06-06,5.9977498054504395,4.941104
2019-06-07,6.007999897003174,4.9411793
2019-06-10,6.008500099182129,4.9455414
2019-06-11,6.009749889373779,4.957671
2019-06-12,6.012249946594238,4.9822035
2019-06-13,6.0254998207092285,4.986285
2019-06-14,6.027750015258789,5.003334
2019-06-17,6.0335001945495605,5.0434647
2019-06-18,6.044250011444092,5.049755
2019-06-19,6.045249938964844,5.0615454
2019-06-20,6.051000118255615,5.0636272
2019-06-21,6.056250095367432,5.064185
2019-06-24,6.059750080108643,5.0810423
2019-06-25,6.0625,5.0903378
2019-06-26,6.06374979019165,5.091584
2019-06-27,6.0647501945495605,5.100608
2019-06-28,6.073249816894531,5.124588
2019-07-01,6.073500156402588,5.132209
2019-07-02,6.073750019073486,5.133507
2019-07-03,6.083499908447266,5.1453705
2019-07-05,6.0970001220703125,5.147909
2019-07-08,6.098750114440918,5.148101
2019-07-09,6.099999904632568,5.150876
2019-07-10,6.102250099182129,5.1617517
2019-07-11,6.111249923706055,5.1672583
2019-07-12,6.113249778747559,5.169855
2019-07-15,6.140749931335449,5.168975
2019-07-16,6.141250133514404,5.186223
2019-07-17,6.144999980926514,5.192235
2019-07-18,6.146249771118164,5.2056484
2019-07-19,6.148250102996826,5.214652
2019-07-22,6.148250102996826,5.2153616
2019-07-23,6.150000095367432,5.2167387
2019-07-24,6.1570000648498535,5.2163105
2019-07-25,6.158750057220459,5.222369
2019-07-26,6.1605000495910645,5.2239246
2019-07-29,6.160749912261963,5.228178
2019-07-30,6.170000076293945,5.2300653
2019-07-31,6.172500133514404,5.233759
2019-08-01,6.1852498054504395,5.2416697
2019-08-02,6.189000129699707,5.244275
2019-08-05,6.1897501945495605,5.2449303
2019-08-06,6.1917500495910645,5.2500467
2019-08-07,6.197000026702881,5.250987
2019-08-08,6.197000026702881,5.2688255
2019-08-09,6.197500228881836,5.2700806
2019-08-12,6.19950008392334,5.2823925
2019-08-13,6.202499866485596,5.288993
2019-08-14,6.202750205993652,5.293741
2019-08-15,6.209000110626221,5.299506
2019-08-16,6.209249973297119,5.2998867
2019-08-19,6.2129998207092285,5.303033
2019-08-20,6.213749885559082,5.3097954
2019-08-21,6.217249870300293,5.321536
2019-08-22,6.2210001945495605,5.330409
2019-08-23,6.222750186920166,5.3325567
2019-08-26,6.229249954223633,5.335129
2019-08-27,6.231750011444092,5.3371744
2019-08-28,6.231750011444092,5.3472652
2019-08-29,6.232250213623047,5.3515854
2019-08-30,6.233749866485596,5.35614
2019-09-03,6.235000133514404,5.3572397
2019-09-04,6.238500118255615,5.376588
2019-09-05,6.247000217437744,5.378561
2019-09-06,6.247250080108643,5.4094925
2019-09-09,6.248499870300293,5.4111824
2019-09-10,6.25,5.411064
2019-09-11,6.25,5.433875
2019-09-12,6.25,5.439663
2019-09-13,6.2507500648498535,5.4592457
2019-09-16,6.258500099182129,5.462675
2019-09-17,6.262750148773193,5.4890547
2019-09-18,6.263750076293945,5.4997616
2019-09-19,6.26800012588501,5.511402
2019-09-20,6.269499778747559,5.52017
2019-09-23,6.272500038146973,5.525873
2019-09-24,6.274750232696533,5.531234
2019-09-25,6.278749942779541,5.569707
2019-09-26,6.28125,5.5809746
2019-09-27,6.2820000648498535,5.611429
2019-09-30,6.2835001945495605,5.614669
2019-10-01,6.287499904632568,5.6561003
2019-10-02,6.296750068664551,5.6578894
2019-10-03,6.29925012588501,5.6808357
2019-10-04,6.299499988555908,5.6866236
2019-10-07,6.300000190734863,5.691741
2019-10-08,6.3092498779296875,5.718232
2019-10-09,6.309500217437744,5.719447
2019-10-10,6.309999942779541,5.720662
2019-10-11,6.315499782562256,5.73388
2019-10-14,6.316500186920166,5.7503185
2019-10-15,6.3207502365112305,5.771634
2019-10-16,6.322500228881836,5.7817
2019-10-17,6.324250221252441,5.792017
2019-10-18,6.324749946594238,5.7989674
2019-10-21,6.324999809265137,5.7998695
2019-10-22,6.326499938964844,5.804057
2019-10-23,6.329249858856201,5.8115845
2019-10-24,6.329999923706055,5.8187294
2019-10-25,6.329999923706055,5.8216305
2019-10-28,6.333499908447266,5.826808
2019-10-29,6.334750175476074,5.82784
2019-10-30,6.337500095367432,5.8295937
2019-10-31,6.337500095367432,5.830406
2019-11-01,6.338250160217285,5.8414097
2019-11-04,6.339749813079834,5.8539944
2019-11-05,6.348750114440918,5.8721247
2019-11-06,6.353499889373779,5.8812
2019-11-07,6.354249954223633,5.884261
2019-11-08,6.356249809265137,5.884983
2019-11-11,6.357500076293945,5.888998
2019-11-12,6.362500190734863,5.9015436
2019-11-13,6.371250152587891,5.905341
2019-11-14,6.380000114440918,5.926324
2019-11-15,6.390749931335449,5.932583
2019-11-18,6.396749973297119,5.935919
2019-11-19,6.400000095367432,5.939595
2019-11-20,6.402500152587891,5.944113
2019-11-21,6.408249855041504,5.9452515
2019-11-22,6.414999961853027,5.973177
2019-11-25,6.414999961853027,5.986206
2019-11-26,6.442500114440918,5.9894924
2019-11-27,6.446750164031982,6.007391
2019-11-29,6.462250232696533,6.0112047
2019-12-02,6.462250232696533,6.024705
2019-12-03,6.481249809265137,6.026475
2019-12-04,6.485000133514404,6.0304575
2019-12-05,6.487500190734863,6.0547733
2019-12-06,6.494750022888184,6.056698
2019-12-09,6.50600004196167,6.074462
2019-12-10,6.512499809265137,6.0761337
2019-12-11,6.525000095367432,6.0825624
2019-12-12,6.5269999504089355,6.0858946
2019-12-13,6.538249969482422,6.116253
2019-12-16,6.545499801635742,6.1264906
2019-12-17,6.550000190734863,6.1292505
2019-12-18,6.550000190734863,6.142291
2019-12-19,6.555500030517578,6.1424665
2019-12-20,6.574999809265137,6.147382
2019-12-23,6.575500011444092,6.1544323
2019-12-24,6.576749801635742,6.160472
2019-12-26,6.577750205993652,6.164755
2019-12-27,6.578000068664551,6.1747046
2019-12-30,6.586249828338623,6.1832733
2019-12-31,6.591000080108643,6.185376
2020-01-02,6.591000080108643,6.190076
2020-01-03,6.599999904632568,6.199424
2020-01-06,6.608500003814697,6.2070427
2020-01-07,6.611249923706055,6.2102327
2020-01-08,6.631999969482422,6.2169027
2020-01-09,6.63700008392334,6.220029
2020-01-10,6.641749858856201,6.222022
2020-01-13,6.643499851226807,6.225148
2020-01-14,6.644999980926514,6.246109
2020-01-15,6.645999908447266,6.2560043
2020-01-16,6.64900016784668,6.2657404
2020-01-17,6.664750099182129,6.2716913
2020-01-21,6.675000190734863,6.2737055
2020-01-22,6.686999797821045,6.3083525
2020-01-23,6.698750019073486,6.323308
2020-01-24,6.709750175476074,6.323242
2020-01-27,6.715000152587891,6.3320923
2020-01-28,6.718999862670898,6.339122
2020-01-29,6.718999862670898,6.345811
2020-01-30,6.730000019073486,6.3663673
2020-01-31,6.730000019073486,6.3759947
2020-02-03,6.735499858856201,6.3842087
2020-02-04,6.736999988555908,6.3903856
2020-02-05,6.747000217437744,6.3977556
2020-02-06,6.755000114440918,6.4028864
2020-02-07,6.75600004196167,6.4105825
2020-02-10,6.7789998054504395,6.420412
2020-02-11,6.799499988555908,6.424677
2020-02-12,6.811500072479248,6.445407
2020-02-13,6.8125,6.4705257
2020-02-14,6.817500114440918,6.48217
2020-02-18,6.820000171661377,6.4863987
2020-02-19,6.820250034332275,6.4928255
2020-02-20,6.822999954223633,6.4926443
2020-02-21,6.836999893188477,6.508417
2020-02-24,6.875,6.5105085
2020-02-25,6.885000228881836,6.520561
2020-02-26,6.886250019073486,6.5251465
2020-02-27,6.898250102996826,6.5528173
2020-02-28,6.909999847412109,6.566086
2020-03-02,6.9145002365112305,6.565425
2020-03-03,6.923250198364258,6.568098
2020-03-04,6.934500217437744,6.5829296
2020-03-05,6.9397501945495605,6.6074524
2020-03-06,6.946499824523926,6.6207666
2020-03-09,6.955999851226807,6.624958
2020-03-10,6.956250190734863,6.6344357
2020-03-11,6.969749927520752,6.648608
2020-03-12,6.972499847412109,6.679164
2020-03-13,6.977499961853027,6.6993914
2020-03-16,6.987500190734863,6.7024174
2020-03-17,7.019999980926514,6.720874
2020-03-18,7.026750087738037,6.7352905
2020-03-19,7.03000020980835,6.7443886
2020-03-20,7.043000221252441,6.7493753
2020-03-23,7.046750068664551,6.764822
2020-03-24,7.047999858856201,6.806158
2020-03-25,7.079999923706055,6.8065825
2020-03-26,7.104249954223633,6.814494
2020-03-27,7.110499858856201,6.8225374
2020-03-30,7.1192498207092285,6.834861
2020-03-31,7.122250080108643,6.842017
2020-04-01,7.130499839782715,6.8595695
2020-04-02,7.132999897003174,6.9019213
2020-04-03,7.15625,6.9003468
2020-04-06,7.196750164031982,6.9152784
2020-04-07,7.222499847412109,6.9190397
2020-04-08,7.240499973297119,6.937372
2020-04-09,7.2417497634887695,6.9481688
2020-04-13,7.296000003814697,6.95074
2020-04-14,7.301499843597412,6.957102
2020-04-15,7.318999767303467,6.979251
2020-04-16,7.328499794006348,6.9924736
2020-04-17,7.337500095367432,6.997961
2020-04-20,7.374249935150147,7.0023375
2020-04-21,7.432750225067139,7.0250893
2020-04-22,7.46150016784668,7.0276995
2020-04-23,7.471499919891357,7.0211525
2020-04-24,7.474999904632568,7.056116
2020-04-27,7.506750106811523,7.0759478
2020-04-28,7.514500141143799,7.082633
2020-04-29,7.550000190734863,7.0904675
2020-04-30,7.587500095367432,7.113662
2020-05-01,7.605000019073486,7.131219
2020-05-04,7.630000114440918,7.133274
2020-05-05,7.68524980545044,7.179225
2020-05-06,7.818749904632568,7.198103
2020-05-07,7.885250091552734,7.2117224
2020-05-08,7.907999992370605,7.20644
2020-05-11,8.03600025177002,7.2685566
2020-05-12,8.078499794006348,7.317851
2020-05-13,8.112500190734863,7.352541
2020-05-14,8.172499656677246,7.4305496
2020-05-15,8.500499725341797,7.5353127
2020-05-18,8.632749557495117,7.522194
2020-05-19,8.760499954223633,7.541089
2020-05-20,8.837249755859375,7.5771885
2020-05-21,8.840749740600586,7.597644
2020-05-22,8.866250038146973,7.6026917
2020-05-26,8.875499725341797,7.61135
2020-05-27,8.889749526977539,7.6699934
2020-05-28,8.916500091552734,7.68711
2020-05-29,8.943249702453613,7.7080355
2020-06-01,8.996999740600586,7.7293406
2020-06-02,9.04300022125244,7.7406006
2020-06-03,9.052499771118164,7.773445
2020-06-04,9.087499618530272,7.8054924
2020-06-05,9.093000411987305,7.823783
2020-06-08,9.109749794006348,7.8325386
2020-06-09,9.181750297546388,7.8682966
2020-06-10,9.182250022888184,7.912513
2020-06-11,9.187250137329102,7.941787
2020-06-12,9.204500198364258,7.957752
2020-06-15,9.261249542236328,7.993273
2020-06-16,9.26675033569336,8.0325165
2020-06-17,9.282500267028809,8.069474
2020-06-18,9.298999786376951,8.094663
2020-06-19,9.44499969482422,8.148069
2020-06-22,9.5,8.230693
2020-06-23,9.5,8.267921
2020-06-24,9.505000114440918,8.289072
2020-06-25,9.526249885559082,8.337516
2020-06-26,9.53125,8.394112
2020-06-29,9.556500434875488,8.430628
2020-06-30,9.575750350952148,8.474867
2020-07-01,9.642499923706056,8.49479
2020-07-02,9.737500190734863,8.530267
2020-07-06,9.9087495803833,8.650291
2020-07-07,10.06999969482422,8.687229
2020-07-08,10.20674991607666,8.740644
2020-07-09,10.225000381469728,8.789505
2020-07-10,10.248499870300291,8.801156
2020-07-13,10.364749908447266,8.842661
2020-07-14,10.381999969482422,8.839344
2020-07-15,10.402750015258787,8.866102
2020-07-16,10.43299961090088,8.915915
2020-07-17,10.441749572753906,8.941282
2020-07-20,10.516249656677246,8.978906
2020-07-21,10.53125,8.999578
2020-07-22,10.54699993133545,9.045642
2020-07-23,10.5600004196167,9.06123
2020-07-24,10.56999969482422,9.0650215
2020-07-27,10.602499961853027,9.082439
2020-07-28,10.623000144958496,9.149253
2020-07-29,10.65524959564209,9.22089
2020-07-30,10.76650047302246,9.282219
2020-07-31,10.79224967956543,9.344309
2020-08-03,11.098750114440918,9.432662
2020-08-04,11.13675022125244,9.456413
2020-08-05,11.227749824523926,9.498838
2020-08-06,11.357999801635742,9.546973
2020-08-07,11.371749877929688,9.561148
2020-08-10,11.408249855041504,9.567708
2020-08-11,11.467000007629396,9.6008215
2020-08-12,11.50475025177002,9.617184
2020-08-13,11.704750061035156,9.691611
2020-08-14,11.721750259399414,9.69975
2020-08-17,11.734999656677246,9.724968
2020-08-18,11.845999717712402,9.813982
2020-08-19,11.947999954223633,9.859525
2020-08-20,12.07800006866455,9.891977
2020-08-21,12.111000061035156,9.903261
2020-08-24,12.12399959564209,9.921551
2020-08-25,12.3149995803833,9.984849
2020-08-26,12.350000381469728,10.006266
2020-08-27,12.375,10.008289
2020-08-28,12.409749984741213,10.021316
2020-08-31,12.4712495803833,10.043327
2020-09-01,12.491999626159668,10.058126
2020-09-02,12.496000289916992,10.05966
2020-09-03,12.498000144958496,10.08731
2020-09-04,12.5,10.1182165
2020-09-08,12.522500038146973,10.157172
2020-09-09,12.550000190734863,10.169796
2020-09-10,12.550000190734863,10.189545
2020-09-11,12.569499969482422,10.205585
2020-09-14,12.589750289916992,10.255089
2020-09-15,12.611000061035156,10.273369
2020-09-16,12.61674976348877,10.296158
2020-09-17,12.63249969482422,10.323003
2020-09-18,12.633000373840332,10.340729
2020-09-21,12.64799976348877,10.352001
2020-09-22,12.65250015258789,10.380535
2020-09-23,12.659000396728516,10.39356
2020-09-24,12.670000076293944,10.396615
2020-09-25,12.678000450134276,10.409119
2020-09-28,12.710000038146973,10.437278
2020-09-29,12.714750289916992,10.478027
2020-09-30,12.72700023651123,10.52211
2020-10-01,12.736000061035156,10.565254
2020-10-02,12.761249542236328,10.571262
2020-10-05,12.769000053405762,10.58217
2020-10-06,12.80875015258789,10.595309
2020-10-07,12.809249877929688,10.59556
2020-10-08,12.822999954223633,10.635805
2020-10-09,12.836750030517578,10.641226
2020-10-12,12.850000381469728,10.645058
2020-10-13,12.856249809265137,10.647618
2020-10-14,12.868499755859377,10.652316
2020-10-15,12.883500099182127,10.673591
2020-10-16,12.888750076293944,10.729954
2020-10-19,12.912500381469728,10.751366
2020-10-20,12.921500205993652,10.775482
2020-10-21,12.93649959564209,10.797338
2020-10-22,12.975000381469728,10.841696
2020-10-23,12.975250244140623,10.844546
2020-10-26,12.979999542236328,10.853453
2020-10-27,13.020000457763672,10.897784
2020-10-28,13.046250343322754,10.906315
2020-10-29,13.051750183105469,10.920446
2020-10-30,13.0625,10.925222
2020-11-02,13.0625,10.9475155
2020-11-03,13.065250396728516,10.967435
2020-11-04,13.068750381469728,10.993404
2020-11-05,13.072500228881836,11.029506
2020-11-06,13.09274959564209,11.038868
2020-11-09,13.093999862670898,11.076723
2020-11-10,13.104999542236328,11.083948
2020-11-11,13.13249969482422,11.103657
2020-11-12,13.14799976348877,11.12162
2020-11-13,13.14900016784668,11.14323
2020-11-16,13.151000022888184,11.15258
2020-11-17,13.159250259399414,11.174984
2020-11-18,13.161999702453612,11.180426
2020-11-19,13.175000190734863,11.208134
2020-11-20,13.184000015258787,11.210415
2020-11-23,13.192749977111816,11.235512
2020-11-24,13.20674991607666,11.261534
2020-11-25,13.211999893188477,11.319053
2020-11-27,13.213749885559082,11.340852
2020-11-30,13.220000267028809,11.482348
2020-12-01,13.232749938964844,11.498122
2020-12-02,13.232999801635742,11.521778
2020-12-03,13.244999885559082,11.525543
2020-12-04,13.260000228881836,11.534663
2020-12-07,13.26949977874756,11.560561
2020-12-08,13.270750045776367,11.573366
2020-12-09,13.274999618530272,11.607004
2020-12-10,13.289999961853027,11.614549
2020-12-11,13.298749923706056,11.619419
2020-12-14,13.300000190734863,11.635746
2020-12-15,13.3149995803833,11.643812
2020-12-16,13.321000099182127,11.649918
2020-12-17,13.325249671936035,11.6537075
2020-12-18,13.334750175476074,11.661438
2020-12-21,13.337249755859377,11.67181
2020-12-22,13.339750289916992,11.675453
2020-12-23,13.344499588012695,11.686595
2020-12-24,13.369999885559082,11.723267
2020-12-28,13.377750396728516,11.763929
2020-12-29,13.37950038909912,11.777287
2020-12-30,13.38249969482422,11.794637
2020-12-31,13.387999534606934,11.8165245
2021-01-04,13.388750076293944,11.8210335
2021-01-05,13.39449977874756,11.826529
2021-01-06,13.404999732971191,11.831398
2021-01-07,13.407500267028809,11.857702
2021-01-08,13.412500381469728,11.858845
2021-01-11,13.413999557495115,11.87303
2021-01-12,13.42099952697754,11.88402
2021-01-13,13.430500030517578,11.913052
2021-01-14,13.4350004196167,11.928809
2021-01-15,13.437250137329102,11.960503
2021-01-19,13.44200038909912,11.972439
2021-01-20,13.442749977111816,11.998533
2021-01-21,13.443499565124512,12.023649
2021-01-22,13.451499938964844,12.03644
2021-01-25,13.45324993133545,12.038403
2021-01-26,13.463000297546388,12.075025
2021-01-27,13.46399974822998,12.095777
2021-01-28,13.470499992370604,12.108934
2021-01-29,13.482999801635742,12.17956
2021-02-01,13.487500190734863,12.217142
2021-02-02,13.494500160217283,12.221202
2021-02-03,13.512499809265137,12.235809
2021-02-04,13.51949977874756,12.282767
2021-02-05,13.5287504196167,12.29979
2021-02-08,13.5600004196167,12.307114
2021-02-09,13.571999549865724,12.312851
2021-02-10,13.574999809265137,12.337774
2021-02-11,13.593250274658203,12.346629
2021-02-12,13.5962495803833,12.369566
2021-02-16,13.598750114440918,12.420687
2021-02-17,13.599749565124512,12.418904
2021-02-18,13.60575008392334,12.425562
2021-02-19,13.606499671936035,12.480671
2021-02-22,13.611749649047852,12.49972
2021-02-23,13.6225004196167,12.503874
2021-02-24,13.625,12.539391
2021-02-25,13.64424991607666,12.545303
2021-02-26,13.644749641418455,12.593018
2021-03-01,13.649499893188477,12.595543
2021-03-02,13.65250015258789,12.6471195
2021-03-03,13.656000137329102,12.653809
2021-03-04,13.65999984741211,12.6702795
2021-03-05,13.668749809265137,12.689812
2021-03-08,13.673500061035156,12.692163
2021-03-09,13.673500061035156,12.744253
2021-03-10,13.692749977111816,12.8335085
2021-03-11,13.731249809265137,12.844006
2021-03-12,13.737250328063965,12.85179
2021-03-15,13.75450038909912,12.856163
2021-03-16,13.762749671936035,12.883093
2021-03-17,13.765999794006348,12.887385
2021-03-18,13.779000282287598,12.892704
2021-03-19,13.781000137329102,12.957592
2021-03-22,13.791500091552734,12.981972
2021-03-23,13.799750328063965,13.049023
2021-03-24,13.82425022125244,13.06911
2021-03-25,13.827500343322754,13.103729
2021-03-26,13.828499794006348,13.103992
2021-03-29,13.838000297546388,13.126287
2021-03-30,13.838000297546388,13.128219
2021-03-31,13.838000297546388,13.143351
2021-04-01,13.841750144958496,13.145864
2021-04-05,13.850000381469728,13.154096
2021-04-06,13.854499816894531,13.162464
2021-04-07,13.869999885559082,13.174775
2021-04-08,13.884499549865724,13.187973
2021-04-09,13.920499801635742,13.210628
2021-04-12,13.92199993133545,13.210535
2021-04-13,13.925000190734863,13.222971
2021-04-14,13.925000190734863,13.255402
2021-04-15,13.931750297546388,13.287898
2021-04-16,13.961000442504885,13.30928
2021-04-19,13.98349952697754,13.354546
2021-04-20,13.993749618530272,13.398536
2021-04-21,13.999250411987305,13.458427
2021-04-22,14.005749702453612,13.468983
2021-04-23,14.008000373840332,13.485941
2021-04-26,14.013999938964844,13.511029
2021-04-27,14.031000137329102,13.541214
2021-04-28,14.05424976348877,13.568941
2021-04-29,14.079500198364258,13.59054
2021-04-30,14.080750465393066,13.594067
2021-05-03,14.084500312805176,13.613711
2021-05-04,14.119250297546388,13.639891
2021-05-05,14.121500015258787,13.640287
2021-05-06,14.142000198364258,13.693928
2021-05-07,14.169249534606934,13.715645
2021-05-10,14.17099952697754,13.738777
2021-05-11,14.210000038146973,13.752017
2021-05-12,14.211000442504885,13.765677
2021-05-13,14.229000091552734,13.776637
2021-05-14,14.238750457763672,13.782206
2021-05-17,14.243499755859377,13.801374
2021-05-18,14.260250091552734,13.819805
2021-05-19,14.26200008392334,13.825001
2021-05-20,14.32800006866455,13.844988
2021-05-21,14.33899974822998,13.852138
2021-05-24,14.34274959564209,13.868325
2021-05-25,14.347000122070312,13.871693
2021-05-26,14.34850025177002,13.957784
2021-05-27,14.35474967956543,13.958645
2021-05-28,14.374750137329102,14.001732
2021-06-01,14.380000114440918,14.02216
2021-06-02,14.404250144958496,14.031513
2021-06-03,14.407999992370604,14.033667
2021-06-04,14.411999702453612,14.035498
2021-06-07,14.471500396728516,14.059734
2021-06-08,14.473750114440918,14.061233
2021-06-09,14.473999977111816,14.124088
2021-06-10,14.506750106811523,14.144974
2021-06-11,14.54699993133545,14.164548
2021-06-14,14.564000129699709,14.240795
2021-06-15,14.571249961853027,14.270657
2021-06-16,14.583250045776367,14.283175
2021-06-17,14.588749885559082,14.30602
2021-06-18,14.628999710083008,14.355709
2021-06-21,14.637499809265137,14.395443
2021-06-22,14.68299961090088,14.421404
2021-06-23,14.68375015258789,14.464494
2021-06-24,14.691499710083008,14.523303
2021-06-25,14.726750373840332,14.535011
2021-06-28,14.805999755859377,14.566924
2021-06-29,14.81350040435791,14.5701475
2021-06-30,14.852999687194824,14.683344
2021-07-01,14.873250007629396,14.716699
2021-07-02,14.890999794006348,14.730604
2021-07-06,14.904999732971191,14.763387
2021-07-07,14.970749855041504,14.786955
2021-07-08,14.970999717712402,14.860515
2021-07-09,14.996000289916992,14.873173
2021-07-12,15.010000228881836,14.903063
2021-07-13,15.062999725341797,14.921891
2021-07-14,15.100000381469728,14.965119
2021-07-15,15.13325023651123,14.972552
2021-07-16,15.177000045776367,14.97876
2021-07-19,15.222000122070312,15.029377
2021-07-20,15.22350025177002,15.046687
2021-07-21,15.246749877929688,15.066302
2021-07-22,15.272250175476074,15.085892
2021-07-23,15.291250228881836,15.156221
2021-07-26,15.319000244140623,15.164683
2021-07-27,15.335000038146973,15.175908
2021-07-28,15.33899974822998,15.187614
2021-07-29,15.352499961853027,15.191657
2021-07-30,15.362500190734863,15.208552
2021-08-02,15.364999771118164,15.235639
2021-08-03,15.3725004196167,15.273672
2021-08-04,15.375,15.285021
2021-08-05,15.430999755859377,15.30915
2021-08-06,15.43649959564209,15.310021
2021-08-09,15.43850040435791,15.33724
2021-08-10,15.472999572753906,15.352058
2021-08-11,15.47700023651123,15.417349
2021-08-12,15.479000091552734,15.4257345
2021-08-13,15.496999740600586,15.444796
2021-08-16,15.527000427246094,15.453193
2021-08-17,15.53225040435791,15.488268
2021-08-18,15.539999961853027,15.492022
2021-08-19,15.56700038909912,15.497824
2021-08-20,15.670499801635742,15.526653
2021-08-23,15.699999809265137,15.536868
2021-08-24,15.720499992370604,15.602292
2021-08-25,15.744999885559082,15.617711
2021-08-26,15.75,15.644233
2021-08-27,15.77299976348877,15.665234
2021-08-30,15.781999588012695,15.687596
2021-08-31,15.793749809265137,15.711653
2021-09-01,15.807499885559082,15.720607
2021-09-02,15.818499565124512,15.7348175
2021-09-03,15.81999969482422,15.758305
2021-09-07,15.932000160217283,15.820399
2021-09-08,15.94200038909912,15.821449
2021-09-09,15.94499969482422,15.839333
2021-09-10,15.961999893188477,15.89761
2021-09-13,15.994999885559082,15.917417
2021-09-14,16.00200080871582,15.939767
2021-09-15,16.027999877929688,15.951712
2021-09-16,16.03700065612793,15.975591
2021-09-17,16.038999557495117,16.042019
2021-09-20,16.055999755859375,16.16574
2021-09-21,16.058000564575195,16.169832
2021-09-22,16.06599998474121,16.182852
2021-09-23,16.13800048828125,16.272911
2021-09-24,16.16575050354004,16.3058
2021-09-27,16.18600082397461,16.321556
2021-09-28,16.214250564575195,16.344748
2021-09-29,16.266000747680664,16.377111
2021-09-30,16.27750015258789,16.463318
2021-10-01,16.309999465942383,16.49255
2021-10-04,16.312000274658203,16.507345
2021-10-05,16.33799934387207,16.527548
2021-10-06,16.35700035095215,16.53488
2021-10-07,16.36199951171875,16.577438
2021-10-08,16.38825035095215,16.585472
2021-10-11,16.388999938964844,16.621172
2021-10-12,16.48699951171875,16.66427
2021-10-13,16.527000427246094,16.681269
2021-10-14,16.540000915527344,16.688116
2021-10-15,16.572999954223633,16.705425
2021-10-18,16.584999084472656,16.750317
2021-10-19,16.597000122070312,16.775995
2021-10-20,16.608999252319336,16.90949
2021-10-21,16.62700080871582,16.95343
2021-10-22,16.636999130249023,16.971718
2021-10-25,16.66200065612793,17.001799
2021-10-26,16.788000106811523,17.042906
2021-10-27,16.868000030517578,17.09355
2021-10-28,16.89699935913086,17.130518
2021-10-29,16.915000915527344,17.167332
2021-11-01,16.918750762939453,17.199205
2021-11-02,16.91900062561035,17.219515
2021-11-03,16.922000885009766,17.21971
2021-11-04,16.93000030517578,17.251831
2021-11-05,16.933000564575195,17.279915
2021-11-08,16.9950008392334,17.306345
2021-11-09,16.99799919128418,17.318739
2021-11-10,17.007999420166016,17.327421
2021-11-11,17.041000366210938,17.348406
2021-11-12,17.110000610351562,17.395887
2021-11-15,17.111000061035156,17.415003
2021-11-16,17.124000549316406,17.417727
2021-11-17,17.139999389648438,17.422792
2021-11-18,17.179000854492188,17.44258
2021-11-19,17.19700050354004,17.45167
2021-11-22,17.20199966430664,17.460388
2021-11-23,17.259000778198242,17.522459
2021-11-24,17.264999389648438,17.522146
2021-11-26,17.31999969482422,17.548986
2021-11-29,17.329999923706055,17.568846
2021-11-30,17.4060001373291,17.58814
2021-12-01,17.40999984741211,17.606894
2021-12-02,17.44700050354004,17.633091
2021-12-03,17.46500015258789,17.639246
2021-12-06,17.492000579833984,17.646433
2021-12-07,17.538000106811523,17.686514
2021-12-08,17.558000564575195,17.70635
2021-12-09,17.575000762939453,17.715431
2021-12-10,17.58300018310547,17.72225
2021-12-13,17.62150001525879,17.744505
2021-12-14,17.660999298095703,17.777832
2021-12-15,17.687000274658203,17.818846
2021-12-16,17.69700050354004,17.82557
2021-12-17,17.72800064086914,17.87928
2021-12-20,17.753000259399414,17.889963
2021-12-21,17.788000106811523,17.904882
2021-12-22,17.8125,17.918789
2021-12-23,17.856000900268555,17.98128
2021-12-27,17.87299919128418,18.000479
2021-12-28,17.923999786376953,18.019096
2021-12-29,17.92799949645996,18.041048
2021-12-30,17.933000564575195,18.040396
2021-12-31,17.93600082397461,18.047367
2022-01-03,17.939250946044922,18.051056
2022-01-04,17.94700050354004,18.067617
2022-01-05,17.954750061035156,18.085466
2022-01-06,17.966999053955078,18.089745
2022-01-07,18.01625061035156,18.109838
2022-01-10,18.03949928283691,18.128344
2022-01-11,18.09199905395508,18.169815
2022-01-12,18.118000030517575,18.184671
2022-01-13,18.118000030517575,18.192226
2022-01-14,18.13999938964844,18.20468
2022-01-18,18.143999099731445,18.212185
2022-01-19,18.197999954223633,18.254238
2022-01-20,18.23900032043457,18.282682
2022-01-21,18.243999481201172,18.306702
2022-01-24,18.25200080871582,18.313812
2022-01-25,18.2549991607666,18.343672
2022-01-26,18.371000289916992,18.37332
2022-01-27,18.520000457763672,18.432615
2022-01-28,18.536500930786133,18.460604
2022-01-31,18.687999725341797,18.5348
2022-02-01,18.707000732421875,18.537249
2022-02-02,18.718000411987305,18.564756
2022-02-03,18.790000915527344,18.612963
2022-02-04,18.834999084472656,18.652136
2022-02-07,18.83799934387207,18.662443
2022-02-08,18.84600067138672,18.664043
2022-02-09,18.864999771118164,18.689034
2022-02-10,18.881000518798828,18.713228
2022-02-11,18.933000564575195,18.796017
2022-02-14,18.937999725341797,18.84229
2022-02-15,18.9637508392334,18.882952
2022-02-16,18.968000411987305,18.904446
2022-02-17,19.0,18.929438
2022-02-18,19.04199981689453,18.950949
2022-02-22,19.05299949645996,18.980116
2022-02-23,19.142000198364254,19.08003
2022-02-24,19.15275001525879,19.091192
2022-02-25,19.156999588012695,19.09267
2022-02-28,19.163999557495117,19.095499
2022-03-01,19.16699981689453,19.109045
2022-03-02,19.18000030517578,19.12224
2022-03-03,19.200000762939453,19.168148
2022-03-04,19.229000091552734,19.17193
2022-03-07,19.2450008392334,19.25776
2022-03-08,19.27400016784668,19.349224
2022-03-09,19.332000732421875,19.38965
2022-03-10,19.336999893188477,19.39726
2022-03-11,19.34550094604492,19.440344
2022-03-14,19.3700008392334,19.455503
2022-03-15,19.375,19.4592
2022-03-16,19.420000076293945,19.482733
2022-03-17,19.441999435424805,19.497698
2022-03-18,19.4950008392334,19.537577
2022-03-21,19.511999130249023,19.581312
2022-03-22,19.527000427246097,19.632196
2022-03-23,19.573999404907227,19.692772
2022-03-24,19.618999481201172,19.713701
2022-03-25,19.621999740600582,19.718418
2022-03-28,19.6299991607666,19.725183
2022-03-29,19.63400077819824,19.734724
2022-03-30,19.645999908447266,19.779085
2022-03-31,19.687000274658203,19.800648
2022-04-01,19.700000762939453,19.857718
2022-04-04,19.770000457763672,19.885878
2022-04-05,19.788000106811523,19.940958
2022-04-06,19.825000762939453,19.97434
2022-04-07,19.847000122070312,19.982159
2022-04-08,19.85300064086914,20.071543
2022-04-11,19.886999130249023,20.094389
2022-04-12,19.924999237060547,20.108889
2022-04-13,19.94499969482422,20.13891
2022-04-14,19.961000442504883,20.146135
2022-04-18,20.02899932861328,20.180693
2022-04-19,20.03700065612793,20.186085
2022-04-20,20.048999786376953,20.204134
2022-04-21,20.07875061035156,20.244509
2022-04-22,20.080249786376953,20.253635
2022-04-25,20.0987491607666,20.272554
2022-04-26,20.128000259399418,20.281906
2022-04-27,20.132999420166016,20.281124
2022-04-28,20.13999938964844,20.348936
2022-04-29,20.162500381469727,20.374327
2022-05-02,20.166000366210938,20.428743
2022-05-03,20.214000701904297,20.442282
2022-05-04,20.222000122070312,20.458124
2022-05-05,20.28700065612793,20.482857
2022-05-06,20.31800079345703,20.501469
2022-05-09,20.399999618530273,20.554796
2022-05-10,20.417749404907227,20.57727
2022-05-11,20.43000030517578,20.632711
2022-05-12,20.45599937438965,20.695322
2022-05-13,20.46125030517578,20.690758
2022-05-16,20.486000061035156,20.696283
2022-05-17,20.4950008392334,20.720482
2022-05-18,20.505250930786133,20.772512
2022-05-19,20.507999420166016,20.774294
2022-05-20,20.53274917602539,20.786903
2022-05-23,20.54199981689453,20.8035
2022-05-24,20.56999969482422,20.830812
2022-05-25,20.628000259399418,20.852354
2022-05-26,20.64800071716309,20.974112
2022-05-27,20.719999313354492,21.039055
2022-05-31,20.732999801635746,21.069727
2022-06-01,20.84199905395508,21.156893
2022-06-02,20.858999252319336,21.204784
2022-06-03,20.864999771118164,21.213682
2022-06-06,20.875,21.223166
2022-06-07,20.989999771118164,21.256063
2022-06-08,21.017000198364254,21.282755
2022-06-09,21.05699920654297,21.317495
2022-06-10,21.062999725341797,21.330194
2022-06-13,21.06599998474121,21.363266
2022-06-14,21.104000091552734,21.382727
2022-06-15,21.191999435424805,21.428698
2022-06-16,21.20599937438965,21.436111
2022-06-17,21.32200050354004,21.495173
2022-06-21,21.41900062561035,21.534353
2022-06-22,21.424999237060547,21.641039
2022-06-23,21.433000564575195,21.665747
2022-06-24,21.493999481201172,21.701494
2022-06-27,21.56999969482422,21.71723
2022-06-28,21.739999771118164,21.832151
2022-06-29,21.7450008392334,21.888704
2022-06-30,21.7549991607666,21.910372
2022-07-01,21.798999786376953,21.9342
2022-07-05,21.930999755859375,21.994637
2022-07-06,21.948999404907227,22.011972
2022-07-07,21.958999633789062,22.023027
2022-07-08,21.959999084472656,22.044775
2022-07-11,21.996999740600582,22.060028
2022-07-12,22.04800033569336,22.113018
2022-07-13,22.07799911499023,22.150375
2022-07-14,22.08799934387207,22.164902
2022-07-15,22.14900016784668,22.21055
2022-07-18,22.25900077819824,22.305344
2022-07-19,22.261999130249023,22.336325
2022-07-20,22.277000427246097,22.370234
2022-07-21,22.291000366210938,22.409018
2022-07-22,22.31999969482422,22.421995
2022-07-25,22.320999145507812,22.480215
2022-07-26,22.34000015258789,22.521025
2022-07-27,22.367000579833984,22.528866
2022-07-28,22.37299919128418,22.528671
2022-07-29,22.37299919128418,22.530037
2022-08-01,22.378999710083008,22.54856
2022-08-02,22.392000198364254,22.545732
2022-08-03,22.40999984741211,22.55828
2022-08-04,22.433000564575195,22.575115
2022-08-05,22.469999313354492,22.599344
2022-08-08,22.5,22.617266
2022-08-09,22.53499984741211,22.63552
2022-08-10,22.538000106811523,22.642397
2022-08-11,22.549999237060547,22.648802
2022-08-12,22.593000411987305,22.676891
2022-08-15,22.61000061035156,22.683237
2022-08-16,22.625999450683594,22.69141
2022-08-17,22.670000076293945,22.71298
2022-08-18,22.69499969482422,22.73501
2022-08-19,22.69700050354004,22.765028
2022-08-22,22.711000442504883,22.781794
2022-08-23,22.722000122070312,22.82566
2022-08-24,22.725000381469727,22.85071
2022-08-25,22.777000427246097,22.906454
2022-08-26,22.788000106811523,22.935556
2022-08-29,22.854999542236328,22.977816
2022-08-30,22.857999801635746,22.99024
2022-08-31,22.878000259399418,23.028193
2022-09-01,22.89900016784668,23.047548
2022-09-02,22.94300079345703,23.060827
2022-09-06,22.964000701904297,23.101118
2022-09-07,22.986000061035156,23.122885
2022-09-08,23.020000457763672,23.174017
2022-09-09,23.03300094604492,23.220205
2022-09-12,23.038000106811523,23.222515
2022-09-13,23.042999267578125,23.278347
2022-09-14,23.048999786376953,23.318531
2022-09-15,23.1299991607666,23.392069
2022-09-16,23.145000457763672,23.438232
2022-09-19,23.219999313354492,23.475014
2022-09-20,23.256000518798828,23.494509
2022-09-21,23.29800033569336,23.56928
2022-09-22,23.354999542236328,23.588997
2022-09-23,23.3799991607666,23.620672
2022-09-26,23.3799991607666,23.720037
2022-09-27,23.474000930786133,23.745352
2022-09-28,23.62700080871582,23.850893
2022-09-29,23.68000030517578,23.91054
2022-09-30,23.799999237060547,23.998829
2022-10-03,23.825000762939453,24.0413
2022-10-04,23.8799991607666,24.110014
2022-10-05,23.88800048828125,24.179773
2022-10-06,23.899999618530273,24.193596
2022-10-07,23.92300033569336,24.21513
2022-10-10,23.9950008392334,24.268942
2022-10-11,24.05699920654297,24.28422
2022-10-12,24.06399917602539,24.37627
2022-10-13,24.125,24.41536
2022-10-14,24.155000686645508,24.425787
2022-10-17,24.200000762939453,24.437897
2022-10-18,24.21699905395508,24.464705
2022-10-19,24.2189998626709,24.47354
2022-10-20,24.24799919128418,24.502634
2022-10-21,24.285999298095703,24.53184
2022-10-24,24.326000213623047,24.561232
2022-10-25,24.37700080871582,24.59881
2022-10-26,24.409000396728516,24.642447
2022-10-27,24.45400047302246,24.678038
2022-10-28,24.50900077819824,24.748484
2022-10-31,24.597000122070312,24.815157
2022-11-01,24.635000228881836,24.83576
2022-11-02,24.665000915527344,24.933413
2022-11-03,24.722000122070312,24.972883
2022-11-04,24.822999954223633,24.990698
2022-11-07,24.84199905395508,24.997004
2022-11-08,24.875,25.093203
2022-11-09,24.950000762939453,25.157207
2022-11-10,24.986000061035156,25.272112
2022-11-11,25.07699966430664,25.306505
2022-11-14,25.09000015258789,25.324755
2022-11-15,25.145000457763672,25.343603
2022-11-16,25.18199920654297,25.366686
2022-11-17,25.229999542236328,25.392946
2022-11-18,25.25900077819824,25.413609
2022-11-21,25.299999237060547,25.438372
2022-11-22,25.57900047302246,25.525702
2022-11-23,25.58799934387207,25.5702
2022-11-25,25.708999633789062,25.63331
2022-11-28,25.78499984741211,25.712984
2022-11-29,25.816999435424805,25.721956
2022-11-30,25.893999099731445,25.812849
2022-12-01,26.02400016784668,25.849041
2022-12-02,26.152000427246097,25.907446
2022-12-05,26.392000198364254,26.065664
2022-12-06,26.39900016784668,26.114939
2022-12-07,26.51300048828125,26.168196
2022-12-08,26.542999267578125,26.171728
2022-12-09,26.545000076293945,26.207382
2022-12-12,26.569000244140625,26.334345
2022-12-13,26.582000732421875,26.369078
2022-12-14,26.61199951171875,26.381496
2022-12-15,26.63800048828125,26.430674
2022-12-16,26.67799949645996,26.468412
2022-12-19,26.725000381469727,26.729803
2022-12-20,26.784000396728516,26.770876
2022-12-21,26.882999420166016,26.801088
2022-12-22,26.886999130249023,26.818853
2022-12-23,26.924999237060547,26.840286
2022-12-27,26.99799919128418,26.859892
2022-12-28,27.0,26.861372
2022-12-29,27.006000518798828,26.871384
2022-12-30,27.07799911499023,26.91945
2023-01-03,27.079999923706055,26.930227
2023-01-04,27.152000427246097,26.968275
2023-01-05,27.16699981689453,27.013742
2023-01-06,27.183000564575195,27.019617
2023-01-09,27.19700050354004,27.140265
2023-01-10,27.238000869750977,27.189768
2023-01-11,27.246999740600582,27.238401
2023-01-12,27.319000244140625,27.266556
2023-01-13,27.329999923706055,27.294516
2023-01-17,27.36599922180176,27.313313
2023-01-18,27.468000411987305,27.344862
2023-01-19,27.4689998626709,27.387709
2023-01-20,27.4950008392334,27.38819
2023-01-23,27.496000289916992,27.429659
2023-01-24,27.499000549316406,27.434727
2023-01-25,27.499000549316406,27.52405
2023-01-26,27.558000564575195,27.537285
2023-01-27,27.589000701904297,27.64691
2023-01-30,27.621000289916992,27.657219
2023-01-31,27.757999420166016,27.722212
2023-02-01,27.790000915527344,27.735355
2023-02-02,27.833999633789062,27.799103
2023-02-03,27.858999252319336,27.849592
2023-02-06,28.0,27.933956
2023-02-07,28.0,27.947906
2023-02-08,28.0,28.087427
2023-02-09,28.030000686645508,28.198092
2023-02-10,28.065000534057617,28.254694
2023-02-13,28.11000061035156,28.292145
2023-02-14,28.143999099731445,28.302246
2023-02-15,28.24799919128418,28.33639
2023-02-16,28.25,28.338087
2023-02-17,28.31999969482422,28.378922
2023-02-21,28.357999801635746,28.406021
2023-02-22,28.367000579833984,28.415405
2023-02-23,28.42200088500977,28.462141
2023-02-24,28.437999725341797,28.495417
2023-02-27,28.479999542236328,28.542597
2023-02-28,28.496000289916992,28.592535
2023-03-01,28.594999313354492,28.634989
2023-03-02,28.67799949645996,28.654428
2023-03-03,28.7549991607666,28.693441
2023-03-06,28.780000686645508,28.707256
2023-03-07,28.836000442504883,28.718748
2023-03-08,28.92200088500977,28.742416
2023-03-09,28.945999145507812,28.776804
2023-03-10,28.950000762939453,28.788973
2023-03-13,28.9689998626709,28.825373
2023-03-14,28.972999572753903,28.826368
2023-03-15,29.058000564575195,28.964224
2023-03-16,29.113000869750977,28.987429
2023-03-17,29.1200008392334,29.024607
2023-03-20,29.219999313354492,29.073496
2023-03-21,29.416000366210938,29.145462
2023-03-22,29.55500030517578,29.254692
2023-03-23,29.8700008392334,29.376568
2023-03-24,30.030000686645508,29.452429
2023-03-27,30.05900001525879,29.46228
2023-03-28,30.198999404907227,29.477922
2023-03-29,30.24099922180176,29.533049
2023-03-30,30.29400062561035,29.586199
2023-03-31,30.38999938964844,29.699102
2023-04-03,30.457000732421875,29.726328
2023-04-04,30.468000411987305,29.738508
2023-04-05,30.5,29.7781
2023-04-06,30.50900077819824,29.789156
2023-04-10,30.54800033569336,29.832819
2023-04-11,30.59000015258789,29.911055
2023-04-12,30.60700035095215,29.974428
2023-04-13,30.643999099731445,30.009338
2023-04-14,30.68000030517578,30.0291
2023-04-17,30.711000442504883,30.059805
2023-04-18,30.850000381469727,30.11403
2023-04-19,31.086999893188477,30.211828
2023-04-20,31.100000381469727,30.291449
2023-04-21,31.15999984741211,30.33856
2023-04-24,31.288000106811523,30.3748
2023-04-25,31.30500030517578,30.42452
2023-04-26,31.329999923706055,30.413568
2023-04-27,31.364999771118164,30.499546
2023-04-28,31.399999618530273,30.517147
2023-05-01,31.520000457763672,30.556786
2023-05-02,31.579999923706055,30.842062
2023-05-03,31.82799911499023,30.915968
2023-05-04,32.12900161743164,31.001234
2023-05-05,32.20500183105469,31.040148
2023-05-08,32.290000915527344,31.109327
2023-05-09,32.310001373291016,31.196367
2023-05-10,32.36000061035156,31.26382
2023-05-11,32.44900131225586,31.290052
2023-05-12,32.47800064086914,31.323282
2023-05-15,32.709999084472656,31.369074
2023-05-16,32.7599983215332,31.596142
2023-05-17,32.85499954223633,31.640314
2023-05-18,33.0880012512207,31.817461
2023-05-19,33.28900146484375,31.865599
2023-05-22,33.35300064086914,31.995964
2023-05-23,33.4119987487793,32.128124
2023-05-24,34.64699935913086,32.516132
2023-05-25,38.86399841308594,33.57757
2023-05-26,39.15999984741211,33.665535
2023-05-30,39.16999816894531,33.65624
2023-05-31,39.47999954223633,33.823513
2023-06-01,39.499000549316406,33.925438
2023-06-02,39.529998779296875,34.02925
2023-06-05,39.564998626708984,34.052944
2023-06-06,39.71099853515625,34.095264
2023-06-07,40.04999923706055,34.19901
2023-06-08,40.29499816894531,34.453438
2023-06-09,40.5,34.518322
2023-06-12,40.87900161743164,34.68439
2023-06-13,41.10100173950195,34.760693
2023-06-14,41.20600128173828,34.796753
2023-06-15,41.599998474121094,34.913845
2023-06-16,41.76599884033203,35.011448
2023-06-20,41.845001220703125,35.02511
2023-06-21,41.9379997253418,35.080788
2023-06-22,41.939998626708984,35.24851
2023-06-23,42.01800155639648,35.270237
2023-06-26,42.099998474121094,35.310745
2023-06-27,42.1150016784668,35.34953
2023-06-28,42.17900085449219,35.398396
2023-06-29,42.25600051879883,35.476215
2023-06-30,42.38100051879883,35.519474
2023-07-03,42.470001220703125,35.61361
2023-07-05,42.5359992980957,35.7385
2023-07-06,42.54999923706055,35.810833
2023-07-07,42.757999420166016,35.919926
2023-07-10,42.76399993896485,36.068172
2023-07-11,42.80899810791016,36.15841
2023-07-12,42.81100082397461,36.15523
2023-07-13,42.81999969482422,36.258488
2023-07-14,42.87200164794922,36.33528
2023-07-17,42.89799880981445,36.355774
2023-07-18,43.0,36.40559
2023-07-19,43.176998138427734,36.497166
2023-07-20,43.2140007019043,36.50651
2023-07-21,43.21900177001953,36.517895
2023-07-24,43.24800109863281,36.528873
2023-07-25,43.28900146484375,36.578335
2023-07-26,43.297000885009766,36.650963
2023-07-27,43.42599868774414,36.703747
2023-07-28,43.44599914550781,36.800068
2023-07-31,43.57400131225586,36.89172
2023-08-01,43.577999114990234,36.993435
2023-08-02,43.6150016784668,37.02085
2023-08-03,43.650001525878906,37.04371
2023-08-04,43.696998596191406,37.052334
2023-08-07,43.72100067138672,37.092976
2023-08-08,43.79999923706055,37.238003
2023-08-09,43.88399887084961,37.26739
2023-08-10,43.90299987792969,37.275913
2023-08-11,43.935001373291016,37.29461
2023-08-14,43.96599960327149,37.30643
2023-08-15,43.9900016784668,37.32187
2023-08-16,44.0620002746582,37.462757
2023-08-17,44.14300155639648,37.51169
2023-08-18,44.14400100708008,37.534298
2023-08-21,44.242000579833984,37.691486
2023-08-22,44.3120002746582,37.713154
2023-08-23,44.67499923706055,37.854717
2023-08-24,44.75400161743164,38.014652
2023-08-25,44.900001525878906,38.05116
2023-08-28,45.10900115966797,38.18216
2023-08-29,45.11800003051758,38.192425
2023-08-30,45.130001068115234,38.221054
2023-08-31,45.17499923706055,38.249363
2023-09-01,45.242000579833984,38.36389
2023-09-05,45.26800155639648,38.45675
2023-09-06,45.30899810791016,38.494175
2023-09-07,45.540000915527344,38.544308
2023-09-08,45.5989990234375,38.570652
2023-09-11,45.60499954223633,38.605106
2023-09-12,45.641998291015625,38.632854
2023-09-13,45.67300033569336,38.67554
2023-09-14,45.78900146484375,38.742683
2023-09-15,45.84000015258789,38.758656
2023-09-18,45.86600112915039,38.933514
2023-09-19,45.93000030517578,38.97655
2023-09-20,45.935001373291016,39.04421
2023-09-21,45.98699951171875,39.066532
2023-09-22,46.053001403808594,39.15946
2023-09-25,46.07699966430664,39.167145
2023-09-26,46.154998779296875,39.220184
2023-09-27,46.16299819946289,39.266994
2023-09-28,46.18299865722656,39.278526
2023-09-29,46.21799850463867,39.304127
2023-10-02,46.224998474121094,39.314354
2023-10-03,46.25899887084961,39.382324
2023-10-04,46.34400177001953,39.40987
2023-10-05,46.49599838256836,39.44827
2023-10-06,46.599998474121094,39.51254
2023-10-09,46.60599899291992,39.525566
2023-10-10,46.62900161743164,39.541798
2023-10-11,46.85900115966797,39.68041
2023-10-12,46.867000579833984,39.776592
2023-10-13,46.900001525878906,39.818455
2023-10-16,46.97999954223633,39.85599
2023-10-17,47.027000427246094,39.93367
2023-10-18,47.064998626708984,39.954784
2023-10-19,47.08700180053711,40.017406
2023-10-20,47.11600112915039,40.111217
2023-10-23,47.130001068115234,40.125214
2023-10-24,47.20000076293945,40.14403
2023-10-25,47.20000076293945,40.16968
2023-10-26,47.387001037597656,40.26557
2023-10-27,47.39500045776367,40.29507
2023-10-30,47.53099822998047,40.3463
2023-10-31,47.60900115966797,40.383823
2023-11-01,47.66600036621094,40.406162
2023-11-02,47.74100112915039,40.43912
2023-11-03,47.80500030517578,40.469257
2023-11-06,47.81800079345703,40.545727
2023-11-07,47.895999908447266,40.680927
2023-11-08,48.0880012512207,40.742344
2023-11-09,48.11000061035156,40.748615
2023-11-10,48.18399810791016,40.803448
2023-11-13,48.1870002746582,40.856544
2023-11-14,48.22999954223633,41.00101
2023-11-15,48.323001861572266,41.157337
2023-11-16,48.47200012207031,41.29852
2023-11-17,48.5,41.37646
2023-11-20,48.529998779296875,41.420727
2023-11-21,48.54899978637695,41.572636
2023-11-22,48.59400177001953,41.607155
2023-11-24,48.66999816894531,41.693268
2023-11-27,48.762001037597656,41.727543
2023-11-28,48.85100173950195,41.85494
2023-11-29,48.92100143432617,41.9221
2023-11-30,49.08100128173828,42.04342
2023-12-01,49.095001220703125,42.127872
2023-12-04,49.11600112915039,42.141987
2023-12-05,49.29499816894531,42.345757
2023-12-06,49.382999420166016,42.37484
2023-12-07,49.40399932861328,42.519283
2023-12-08,49.525001525878906,42.609264
2023-12-11,49.547000885009766,42.65949
2023-12-12,49.599998474121094,42.703224
2023-12-13,49.68000030517578,42.883945
2023-12-14,49.70000076293945,42.907326
2023-12-15,49.71699905395508,42.931545
2023-12-18,49.74399948120117,42.954456
2023-12-19,49.79999923706055,42.982586
2023-12-20,49.83399963378906,43.048122
2023-12-21,49.88399887084961,43.13096
2023-12-22,49.926998138427734,43.176205
2023-12-26,49.959999084472656,43.198475
2023-12-27,49.99700164794922,43.281734
2023-12-28,49.999000549316406,43.280876
2023-12-29,50.26599884033203,43.360165
2024-01-02,50.334999084472656,43.457417
2024-01-03,50.43299865722656,43.53187
2024-01-04,50.516998291015625,43.63757
2024-01-05,50.54800033569336,43.715504
2024-01-08,52.275001525878906,44.49208
2024-01-09,54.32500076293945,44.98883
2024-01-10,54.599998474121094,45.046684
2024-01-11,54.970001220703125,45.15186
2024-01-12,55.34600067138672,45.220295
2024-01-16,56.47100067138672,45.633198
2024-01-17,56.834999084472656,45.789963
2024-01-18,57.599998474121094,46.14996
