Date,Open,Guess Open
2018-01-02,3.16225004196167,2.7132828
2018-01-03,3.2235000133514404,2.9588068
2018-01-04,3.2660000324249268,2.9786198
2018-01-05,3.2734999656677246,3.011915
2018-01-08,3.274749994277954,3.0133545
2018-01-09,3.299999952316284,3.0489664
2018-01-10,3.344749927520752,3.0521224
2018-01-11,3.3515000343322754,3.0841935
2018-01-12,3.3667500019073486,3.1240354
2018-01-16,3.384999990463257,3.1302006
2018-01-17,3.397749900817871,3.1396272
2018-01-18,3.403749942779541,3.1444616
2018-01-19,3.404249906539917,3.1486409
2018-01-22,3.4089999198913574,3.1641066
2018-01-23,3.413749933242798,3.1699717
2018-01-24,3.428499937057495,3.1747139
2018-01-25,3.43149995803833,3.1841674
2018-01-26,3.4542500972747803,3.1937232
2018-01-29,3.4625000953674316,3.216502
2018-01-30,3.5077500343322754,3.2234564
2018-01-31,3.535249948501587,3.263467
2018-02-01,3.536250114440918,3.2692325
2018-02-02,3.5450000762939453,3.2699008
2018-02-05,3.547499895095825,3.282089
2018-02-06,3.582750082015991,3.301667
2018-02-07,3.600500106811523,3.3037686
2018-02-08,3.60824990272522,3.307503
2018-02-09,3.612499952316284,3.321204
2018-02-12,3.6127500534057617,3.3274367
2018-02-13,3.6142499446868896,3.3305147
2018-02-14,3.6177499294281006,3.3327708
2018-02-15,3.63100004196167,3.3335798
2018-02-16,3.6337499618530273,3.345826
2018-02-20,3.6342499256134033,3.3482015
2018-02-21,3.63949990272522,3.3598278
2018-02-22,3.6414999961853023,3.3636744
2018-02-23,3.6449999809265137,3.3666232
2018-02-26,3.6465001106262207,3.3763773
2018-02-27,3.649250030517578,3.385902
2018-02-28,3.659749984741211,3.3932526
2018-03-01,3.667249917984009,3.3993268
2018-03-02,3.6679999828338623,3.402915
2018-03-05,3.6772499084472656,3.4210153
2018-03-06,3.6802499294281006,3.4264486
2018-03-07,3.6875,3.438266
2018-03-08,3.6877501010894775,3.4401052
2018-03-09,3.694000005722046,3.4474523
2018-03-12,3.700000047683716,3.4480617
2018-03-13,3.70199990272522,3.451156
2018-03-14,3.7105000019073486,3.4522145
2018-03-15,3.724999904632568,3.4653022
2018-03-16,3.741499900817871,3.4675462
2018-03-19,3.7422499656677246,3.470226
2018-03-20,3.7472500801086426,3.4718916
2018-03-21,3.747499942779541,3.4832692
2018-03-22,3.7697501182556152,3.4875717
2018-03-23,3.770750045776367,3.488804
2018-03-26,3.7709999084472656,3.4922173
2018-03-27,3.774250030517578,3.492833
2018-03-28,3.775000095367432,3.5099275
2018-03-29,3.777499914169311,3.5104637
2018-04-02,3.778249979019165,3.5141962
2018-04-03,3.782249927520752,3.5173419
2018-04-04,3.784749984741211,3.518382
2018-04-05,3.78600001335144,3.526116
2018-04-06,3.789750099182129,3.527801
2018-04-09,3.7939999103546143,3.5323467
2018-04-10,3.799999952316284,3.5353444
2018-04-11,3.802000045776367,3.5489235
2018-04-12,3.809000015258789,3.5515223
2018-04-13,3.8125,3.5562587
2018-04-16,3.8137500286102295,3.5574768
2018-04-17,3.815500020980835,3.5673559
2018-04-18,3.817500114440918,3.5690951
2018-04-19,3.821000099182129,3.5727773
2018-04-20,3.821500062942505,3.576098
2018-04-23,3.837500095367432,3.5851214
2018-04-24,3.837500095367432,3.5890222
2018-04-25,3.843250036239624,3.5911493
2018-04-26,3.8450000286102295,3.595936
2018-04-27,3.8450000286102295,3.60365
2018-04-30,3.8550000190734863,3.6213088
2018-05-01,3.8575000762939458,3.6224918
2018-05-02,3.865499973297119,3.6239507
2018-05-03,3.875,3.6276891
2018-05-04,3.885999917984009,3.6389787
2018-05-07,3.8877499103546143,3.6395004
2018-05-08,3.888999938964844,3.650983
2018-05-09,3.892750024795532,3.6535504
2018-05-10,3.903749942779541,3.656207
2018-05-11,3.9040000438690186,3.656559
2018-05-14,3.905250072479248,3.6587608
2018-05-15,3.906749963760376,3.6611397
2018-05-16,3.913000106811523,3.66411
2018-05-17,3.915250062942505,3.6683295
2018-05-18,3.915250062942505,3.6690142
2018-05-21,3.919250011444092,3.6693857
2018-05-22,3.9227499961853023,3.682256
2018-05-23,3.943749904632568,3.6884696
2018-05-24,3.945499897003174,3.691658
2018-05-25,3.9457499980926514,3.6979353
2018-05-29,3.946500062942505,3.709572
2018-05-30,3.950000047683716,3.710284
2018-05-31,3.9614999294281006,3.7144735
2018-06-01,3.961999893188477,3.716726
2018-06-04,3.962500095367432,3.718937
2018-06-05,3.962500095367432,3.7228284
2018-06-06,3.9765000343322754,3.723894
2018-06-07,3.9765000343322754,3.72566
2018-06-08,3.983750104904175,3.7370107
2018-06-11,3.9839999675750737,3.7472703
2018-06-12,3.994999885559082,3.754272
2018-06-13,4.0,3.7651055
2018-06-14,4.00124979019165,3.768894
2018-06-15,4.010000228881836,3.774839
2018-06-18,4.014500141143799,3.7816937
2018-06-19,4.029749870300293,3.7846425
2018-06-20,4.044750213623047,3.79319
2018-06-21,4.05649995803833,3.8054202
2018-06-22,4.064000129699707,3.806977
2018-06-25,4.067749977111816,3.8195562
2018-06-26,4.073750019073486,3.8296974
2018-06-27,4.074999809265137,3.833924
2018-06-28,4.079249858856201,3.8336017
2018-06-29,4.083000183105469,3.8395295
2018-07-02,4.087500095367432,3.8400831
2018-07-03,4.100749969482422,3.8413248
2018-07-05,4.103000164031982,3.8441315
2018-07-06,4.114500045776367,3.8612297
2018-07-09,4.122499942779541,3.862592
2018-07-10,4.125,3.8641663
2018-07-11,4.137499809265137,3.8653567
2018-07-12,4.140250205993652,3.8701098
2018-07-13,4.165249824523926,3.8745759
2018-07-16,4.166749954223633,3.891482
2018-07-17,4.174749851226807,3.9157763
2018-07-18,4.178750038146973,3.9181278
2018-07-19,4.182499885559082,3.9200559
2018-07-20,4.184999942779541,3.9207447
2018-07-23,4.205999851226807,3.9268835
2018-07-24,4.210000038146973,3.9389398
2018-07-25,4.21150016784668,3.9483273
2018-07-26,4.221499919891357,3.9632256
2018-07-27,4.223750114440918,3.9821632
2018-07-30,4.22475004196167,3.9906583
2018-07-31,4.228499889373779,3.9917412
2018-08-01,4.232500076293945,3.9960954
2018-08-02,4.2532501220703125,3.998308
2018-08-03,4.26324987411499,4.0028477
2018-08-06,4.263999938964844,4.003272
2018-08-07,4.2769999504089355,4.0068407
2018-08-08,4.278500080108643,4.0076947
2018-08-09,4.290500164031982,4.009135
2018-08-10,4.293000221252441,4.010844
2018-08-13,4.300000190734863,4.0203667
2018-08-14,4.312749862670898,4.0226235
2018-08-15,4.3142499923706055,4.0231776
2018-08-16,4.315000057220459,4.0280366
2018-08-17,4.317500114440918,4.0306196
2018-08-20,4.318999767303467,4.0376344
2018-08-21,4.320000171661377,4.038106
2018-08-22,4.321750164031982,4.0404844
2018-08-23,4.322500228881836,4.042132
2018-08-24,4.323750019073486,4.058269
2018-08-27,4.328000068664551,4.05816
2018-08-28,4.33050012588501,4.061074
2018-08-29,4.354499816894531,4.063349
2018-08-30,4.36175012588501,4.0667777
2018-08-31,4.369500160217285,4.0682287
2018-09-04,4.375,4.069719
2018-09-05,4.3832502365112305,4.0755715
2018-09-06,4.387499809265137,4.080176
2018-09-07,4.391499996185303,4.082986
2018-09-10,4.396500110626221,4.0905952
2018-09-11,4.402500152587891,4.0989056
2018-09-12,4.421999931335449,4.1002784
2018-09-13,4.422500133514404,4.1015754
2018-09-14,4.424749851226807,4.1191926
2018-09-17,4.434999942779541,4.120074
2018-09-18,4.43874979019165,4.1211057
2018-09-19,4.446000099182129,4.1370215
2018-09-20,4.447500228881836,4.137583
2018-09-21,4.447500228881836,4.1460743
2018-09-24,4.45074987411499,4.1466465
2018-09-25,4.460249900817871,4.1496277
2018-09-26,4.46999979019165,4.1570745
2018-09-27,4.4730000495910645,4.1633916
2018-09-28,4.479499816894531,4.1638703
2018-10-01,4.487249851226807,4.164755
2018-10-02,4.497499942779541,4.175512
2018-10-03,4.498499870300293,4.1754866
2018-10-04,4.505499839782715,4.183628
2018-10-05,4.507999897003174,4.1981206
2018-10-08,4.51200008392334,4.199664
2018-10-09,4.515500068664551,4.199251
2018-10-10,4.515999794006348,4.2001295
2018-10-11,4.517749786376953,4.2001567
2018-10-12,4.519750118255615,4.2068753
2018-10-15,4.521500110626221,4.207256
2018-10-16,4.534999847412109,4.2110357
2018-10-17,4.539750099182129,4.2261486
2018-10-18,4.571000099182129,4.2273293
2018-10-19,4.577750205993652,4.239449
2018-10-22,4.581250190734863,4.2575383
2018-10-23,4.581500053405762,4.260929
2018-10-24,4.588250160217285,4.2694345
2018-10-25,4.594250202178955,4.2691054
2018-10-26,4.614500045776367,4.275129
2018-10-29,4.625,4.2786474
2018-10-30,4.633749961853027,4.2898817
2018-10-31,4.640999794006348,4.295813
2018-11-01,4.65500020980835,4.31079
2018-11-02,4.6570000648498535,4.3133616
2018-11-05,4.660250186920166,4.316765
2018-11-06,4.663750171661377,4.3252764
2018-11-07,4.689000129699707,4.329789
2018-11-08,4.699999809265137,4.3418517
2018-11-09,4.724999904632568,4.360236
2018-11-12,4.73075008392334,4.36028
2018-11-13,4.738749980926514,4.365182
2018-11-14,4.740499973297119,4.3679276
2018-11-15,4.742499828338623,4.3705735
2018-11-16,4.743000030517578,4.370899
2018-11-19,4.75,4.383219
2018-11-20,4.754000186920166,4.3911214
2018-11-21,4.761000156402588,4.406623
2018-11-23,4.777249813079834,4.4165096
2018-11-26,4.804999828338623,4.414422
2018-11-27,4.807750225067139,4.416103
2018-11-28,4.823999881744385,4.416841
2018-11-29,4.827499866485596,4.4200296
2018-11-30,4.837250232696533,4.423452
2018-12-03,4.857749938964844,4.436964
2018-12-04,4.875,4.4463387
2018-12-06,4.886750221252441,4.448029
2018-12-07,4.894499778747559,4.4435887
2018-12-10,4.900000095367432,4.4503727
2018-12-11,4.918749809265137,4.455078
2018-12-12,4.923749923706055,4.455902
2018-12-13,4.957499980926514,4.46669
2018-12-14,4.957749843597412,4.4926233
2018-12-17,4.989999771118164,4.494301
2018-12-18,5.002500057220459,4.513183
2018-12-19,5.002500057220459,4.5148907
2018-12-20,5.022749900817871,4.5263367
2018-12-21,5.046750068664551,4.529351
2018-12-24,5.048999786376953,4.527824
2018-12-26,5.049499988555908,4.539498
2018-12-27,5.053999900817871,4.555067
2018-12-28,5.059999942779541,4.5548286
2018-12-31,5.097249984741211,4.5694046
2019-01-02,5.09975004196167,4.5699244
2019-01-03,5.099999904632568,4.5786867
2019-01-04,5.102499961853027,4.5794005
2019-01-07,5.110000133514404,4.582349
2019-01-08,5.142749786376953,4.6346655
2019-01-09,5.146249771118164,4.637541
2019-01-10,5.155749797821045,4.638283
2019-01-11,5.15749979019165,4.638301
2019-01-14,5.15749979019165,4.6412077
2019-01-15,5.176750183105469,4.6438837
2019-01-16,5.191500186920166,4.645068
2019-01-17,5.193749904632568,4.6467323
2019-01-18,5.208749771118164,4.6543417
2019-01-22,5.216000080108643,4.658714
2019-01-23,5.223249912261963,4.6655927
2019-01-24,5.241250038146973,4.669755
2019-01-25,5.242499828338623,4.672237
2019-01-28,5.243000030517578,4.672333
2019-01-29,5.257500171661377,4.6823864
2019-01-30,5.262249946594238,4.683212
2019-01-31,5.275000095367432,4.68712
2019-02-01,5.2754998207092285,4.693947
2019-02-04,5.275750160217285,4.714912
2019-02-05,5.277249813079834,4.7277203
2019-02-06,5.277750015258789,4.7321115
2019-02-07,5.28125,4.7458386
2019-02-08,5.284999847412109,4.7473774
2019-02-11,5.286250114440918,4.7598195
2019-02-12,5.288000106811523,4.7731233
2019-02-13,5.307499885559082,4.777067
2019-02-14,5.3102498054504395,4.791939
2019-02-15,5.334499835968018,4.7918377
2019-02-19,5.34375,4.794886
2019-02-20,5.354750156402588,4.7960396
2019-02-21,5.359749794006348,4.7990093
2019-02-22,5.360000133514404,4.8013725
2019-02-25,5.375249862670898,4.8098803
2019-02-26,5.394000053405762,4.821347
2019-02-27,5.401000022888184,4.8236113
2019-02-28,5.4045000076293945,4.8231316
2019-03-01,5.411499977111816,4.826111
2019-03-04,5.420000076293945,4.8296804
2019-03-05,5.425000190734863,4.8315096
2019-03-06,5.430749893188477,4.8312635
2019-03-07,5.4432501792907715,4.8493586
2019-03-08,5.454999923706055,4.846822
2019-03-11,5.466750144958496,4.848926
2019-03-12,5.474999904632568,4.8572407
2019-03-13,5.487750053405762,4.856831
2019-03-14,5.5,4.859434
2019-03-15,5.510000228881836,4.864614
2019-03-18,5.510749816894531,4.8687315
2019-03-19,5.512499809265137,4.8717237
2019-03-20,5.517499923706055,4.8745146
2019-03-21,5.555500030517578,4.8745522
2019-03-22,5.579999923706055,4.885185
2019-03-25,5.590000152587891,4.8910303
2019-03-26,5.598499774932861,4.891097
2019-03-27,5.601250171661377,4.906141
2019-03-28,5.602749824523926,4.911106
2019-03-29,5.603250026702881,4.913356
2019-04-01,5.604750156402588,4.9145203
2019-04-02,5.614250183105469,4.921236
2019-04-03,5.618000030517578,4.9260416
2019-04-04,5.623000144958496,4.928447
2019-04-05,5.625,4.932889
2019-04-08,5.636499881744385,4.939258
2019-04-09,5.647500038146973,4.944795
2019-04-10,5.647500038146973,4.948197
2019-04-11,5.664000034332275,4.951002
2019-04-12,5.674749851226807,4.962217
2019-04-15,5.675000190734863,4.966216
2019-04-16,5.675000190734863,4.973472
2019-04-17,5.682750225067139,4.973629
2019-04-18,5.690000057220459,4.9741373
2019-04-22,5.695000171661377,4.978672
2019-04-23,5.696499824523926,4.9831195
2019-04-24,5.702250003814697,4.9849334
2019-04-25,5.715000152587891,4.989418
2019-04-26,5.717249870300293,4.9987206
2019-04-29,5.718500137329102,5.013706
2019-04-30,5.724999904632568,5.018195
2019-05-01,5.735750198364258,5.028945
2019-05-02,5.737500190734863,5.0342736
2019-05-03,5.739500045776367,5.034312
2019-05-06,5.742249965667725,5.046488
2019-05-07,5.75,5.0538673
2019-05-08,5.760749816894531,5.056163
2019-05-09,5.762499809265137,5.057826
2019-05-10,5.772500038146973,5.0614576
2019-05-13,5.772500038146973,5.064802
2019-05-14,5.775000095367432,5.0830145
2019-05-15,5.7820000648498535,5.101781
2019-05-16,5.793749809265137,5.117722
2019-05-17,5.794250011444092,5.1245418
2019-05-20,5.795750141143799,5.125123
2019-05-21,5.808000087738037,5.1318746
2019-05-22,5.840000152587891,5.137783
2019-05-23,5.8470001220703125,5.145841
2019-05-24,5.852250099182129,5.1611624
2019-05-28,5.862750053405762,5.1650453
2019-05-29,5.877500057220459,5.1678586
2019-05-30,5.882999897003174,5.1774063
2019-05-31,5.883999824523926,5.1778216
2019-06-03,5.887499809265137,5.1834445
2019-06-04,5.892499923706055,5.1868887
2019-06-05,5.896249771118164,5.187604
2019-06-06,5.899750232696533,5.2102566
2019-06-07,5.925000190734863,5.210376
2019-06-10,5.9292497634887695,5.213643
2019-06-11,5.949999809265137,5.2238703
2019-06-12,5.949999809265137,5.242361
2019-06-13,5.949999809265137,5.2448893
2019-06-14,5.953000068664551,5.257505
2019-06-17,5.953249931335449,5.2870817
2019-06-18,5.954999923706055,5.2911143
2019-06-19,5.954999923706055,5.2998447
2019-06-20,5.955999851226807,5.301255
2019-06-21,5.956250190734863,5.3013163
2019-06-24,5.9629998207092285,5.3136053
2019-06-25,5.96875,5.320696
2019-06-26,5.968999862670898,5.321612
2019-06-27,5.97599983215332,5.3286433
2019-06-28,5.976749897003174,5.346575
2019-07-01,5.977499961853027,5.3524504
2019-07-02,5.99399995803833,5.3538165
2019-07-03,5.994999885559082,5.3626223
2019-07-05,5.997499942779541,5.3642664
2019-07-08,5.9982500076293945,5.364353
2019-07-09,6.006999969482422,5.3669553
2019-07-10,6.013000011444092,5.375135
2019-07-11,6.027750015258789,5.379623
2019-07-12,6.0279998779296875,5.3812623
2019-07-15,6.040249824523926,5.3812866
2019-07-16,6.043499946594238,5.3932405
2019-07-17,6.044000148773193,5.39729
2019-07-18,6.047749996185303,5.40592
2019-07-19,6.0542497634887695,5.411832
2019-07-22,6.059999942779541,5.4126863
2019-07-23,6.061500072479248,5.4135585
2019-07-24,6.0682501792907715,5.4137053
2019-07-25,6.06850004196167,5.417309
2019-07-26,6.071249961853027,5.418312
2019-07-29,6.073750019073486,5.4212513
2019-07-30,6.077499866485596,5.422533
2019-07-31,6.079500198364258,5.424654
2019-08-01,6.082250118255615,5.429145
2019-08-02,6.087250232696533,5.4310155
2019-08-05,6.089749813079834,5.4315104
2019-08-06,6.091000080108643,5.434665
2019-08-07,6.09250020980835,5.4353604
2019-08-08,6.092750072479248,5.4458504
2019-08-09,6.09375,5.446773
2019-08-12,6.096250057220459,5.454274
2019-08-13,6.099249839782715,5.458333
2019-08-14,6.099999904632568,5.4612207
2019-08-15,6.105999946594238,5.4651127
2019-08-16,6.114250183105469,5.465824
2019-08-19,6.118750095367432,5.468193
2019-08-20,6.119500160217285,5.4722023
2019-08-21,6.119750022888184,5.4792204
2019-08-22,6.135000228881836,5.4854727
2019-08-23,6.137499809265137,5.486868
2019-08-26,6.137750148773193,5.4883246
2019-08-27,6.14424991607666,5.489909
2019-08-28,6.146500110626221,5.4961324
2019-08-29,6.150000095367432,5.498945
2019-08-30,6.150000095367432,5.5014925
2019-09-03,6.150750160217285,5.502013
2019-09-04,6.1519999504089355,5.5135145
2019-09-05,6.153250217437744,5.5146313
2019-09-06,6.155250072479248,5.533844
2019-09-09,6.162499904632568,5.535635
2019-09-10,6.166250228881836,5.535754
2019-09-11,6.175000190734863,5.550906
2019-09-12,6.1832499504089355,5.5550857
2019-09-13,6.184750080108643,5.5675106
2019-09-16,6.184750080108643,5.5696115
2019-09-17,6.191500186920166,5.5870266
2019-09-18,6.192999839782715,5.5940523
2019-09-19,6.193749904632568,5.601541
2019-09-20,6.19474983215332,5.607255
2019-09-23,6.195000171661377,5.610648
2019-09-24,6.195250034332275,5.613897
2019-09-25,6.204500198364258,5.639318
2019-09-26,6.204999923706055,5.646575
2019-09-27,6.204999923706055,5.6675925
2019-09-30,6.208499908447266,5.670061
2019-10-01,6.212500095367432,5.6990585
2019-10-02,6.213749885559082,5.7003727
2019-10-03,6.217249870300293,5.7179995
2019-10-04,6.227250099182129,5.7227473
2019-10-07,6.232250213623047,5.726814
2019-10-08,6.232999801635742,5.745563
2019-10-09,6.234000205993652,5.7462053
2019-10-10,6.236249923706055,5.747327
2019-10-11,6.237500190734863,5.7566323
2019-10-14,6.242499828338623,5.76892
2019-10-15,6.243750095367432,5.784005
2019-10-16,6.24399995803833,5.7912087
2019-10-17,6.245250225067139,5.7987223
2019-10-18,6.245500087738037,5.803911
2019-10-21,6.247000217437744,5.8046427
2019-10-22,6.24875020980835,5.807934
2019-10-23,6.25,5.813769
2019-10-24,6.25,5.8193383
2019-10-25,6.256499767303467,5.8226843
2019-10-28,6.2582502365112305,5.8264556
2019-10-29,6.273499965667725,5.8284445
2019-10-30,6.276500225067139,5.829808
2019-10-31,6.280250072479248,5.8309727
2019-11-01,6.283750057220459,5.839453
2019-11-04,6.28725004196167,5.8494034
2019-11-05,6.289750099182129,5.861497
2019-11-06,6.290249824523926,5.8679543
2019-11-07,6.292250156402588,5.8702383
2019-11-08,6.292500019073486,5.8705883
2019-11-11,6.293000221252441,5.8735495
2019-11-12,6.298250198364258,5.8821344
2019-11-13,6.299499988555908,5.8839893
2019-11-14,6.299749851226807,5.8972664
2019-11-15,6.300000190734863,5.9002
2019-11-18,6.303500175476074,5.90238
2019-11-19,6.3125,5.9061003
2019-11-20,6.3147501945495605,5.909243
2019-11-21,6.315999984741211,5.9099064
2019-11-22,6.319499969482422,5.926458
2019-11-25,6.31974983215332,5.935103
2019-11-26,6.323500156402588,5.9355993
2019-11-27,6.328750133514404,5.9475603
2019-11-29,6.334750175476074,5.95003
2019-12-02,6.34499979019165,5.959543
2019-12-03,6.348499774932861,5.9603257
2019-12-04,6.348999977111816,5.963105
2019-12-05,6.349999904632568,5.980201
2019-12-06,6.372499942779541,5.984324
2019-12-09,6.378499984741211,5.997063
2019-12-10,6.38100004196167,5.9980135
2019-12-11,6.383999824523926,6.002099
2019-12-12,6.386499881744385,6.004177
2019-12-13,6.391250133514404,6.0259514
2019-12-16,6.400000095367432,6.0331697
2019-12-17,6.401750087738037,6.034815
2019-12-18,6.4079999923706055,6.043914
2019-12-19,6.41349983215332,6.0444717
2019-12-20,6.425000190734863,6.048023
2019-12-23,6.4375,6.0546966
2019-12-24,6.447999954223633,6.0599093
2019-12-26,6.448750019073486,6.0663767
2019-12-27,6.474999904632568,6.076498
2019-12-30,6.478499889373779,6.083384
2019-12-31,6.499000072479248,6.0870647
2020-01-02,6.509500026702881,6.092217
2020-01-03,6.513750076293945,6.100201
2020-01-06,6.5229997634887695,6.10805
2020-01-07,6.531499862670898,6.1118116
2020-01-08,6.531499862670898,6.116725
2020-01-09,6.535749912261963,6.1201715
2020-01-10,6.542250156402588,6.1219997
2020-01-13,6.544250011444092,6.1252594
2020-01-14,6.545750141143799,6.143325
2020-01-15,6.547500133514404,6.152014
2020-01-16,6.551499843597412,6.160484
2020-01-17,6.554999828338623,6.1639853
2020-01-21,6.5567498207092285,6.1690044
2020-01-22,6.565999984741211,6.204445
2020-01-23,6.585249900817871,6.220537
2020-01-24,6.586999893188477,6.2202716
2020-01-27,6.590000152587891,6.229358
2020-01-28,6.605500221252441,6.238186
2020-01-29,6.614999771118164,6.2457657
2020-01-30,6.623499870300293,6.267297
2020-01-31,6.624499797821045,6.277302
2020-02-03,6.625,6.285428
2020-02-04,6.6519999504089355,6.2930965
2020-02-05,6.662499904632568,6.30158
2020-02-06,6.669000148773193,6.307305
2020-02-07,6.676249980926514,6.315181
2020-02-10,6.679500102996826,6.322579
2020-02-11,6.679999828338623,6.324912
2020-02-12,6.683000087738037,6.343915
2020-02-13,6.708499908447266,6.373193
2020-02-14,6.709249973297119,6.3855343
2020-02-18,6.715250015258789,6.3908615
2020-02-19,6.724999904632568,6.3987627
2020-02-20,6.750249862670898,6.4012814
2020-02-21,6.754749774932861,6.419402
2020-02-24,6.755000114440918,6.4191914
2020-02-25,6.755249977111816,6.4286137
2020-02-26,6.756750106811523,6.4329205
2020-02-27,6.771500110626221,6.461294
2020-02-28,6.779749870300293,6.4742966
2020-03-02,6.800000190734863,6.4769835
2020-03-03,6.8182501792907715,6.4821033
2020-03-04,6.819250106811523,6.4950323
2020-03-05,6.821499824523926,6.517599
2020-03-06,6.8354997634887695,6.531822
2020-03-09,6.8480000495910645,6.536875
2020-03-10,6.852250099182129,6.5460076
2020-03-11,6.874750137329102,6.5618696
2020-03-12,6.875,6.5897036
2020-03-13,6.885000228881836,6.6091895
2020-03-16,6.891499996185303,6.612769
2020-03-17,6.90749979019165,6.630986
2020-03-18,6.912499904632568,6.6448755
2020-03-19,6.922500133514404,6.654167
2020-03-20,6.925000190734863,6.6584954
2020-03-23,6.929999828338623,6.6732607
2020-03-24,6.930749893188477,6.709216
2020-03-25,6.930749893188477,6.709064
2020-03-26,6.932499885559082,6.7163067
2020-03-27,6.943999767303467,6.725383
2020-03-30,6.957250118255615,6.738075
2020-03-31,6.966750144958496,6.7459545
2020-04-01,7.003749847412109,6.7677307
2020-04-02,7.021999835968018,6.8115273
2020-04-03,7.057750225067139,6.816574
2020-04-06,7.074749946594238,6.8355384
2020-04-07,7.090000152587891,6.8425694
2020-04-08,7.104000091552734,6.8628583
2020-04-09,7.108749866485596,6.8747463
2020-04-13,7.131750106811523,6.881258
2020-04-14,7.140999794006348,6.889027
2020-04-15,7.177000045776367,6.9203677
2020-04-16,7.181000232696533,6.936535
2020-04-17,7.18149995803833,6.9430184
2020-04-20,7.196000099182129,6.9517045
2020-04-21,7.206250190734863,6.975412
2020-04-22,7.232999801635742,6.9824505
2020-04-23,7.374750137329102,6.9940233
2020-04-24,7.386750221252441,7.041503
2020-04-27,7.407249927520752,7.0621133
2020-04-28,7.419250011444092,7.070884
2020-04-29,7.423250198364258,7.081155
2020-04-30,7.449999809265137,7.1116657
2020-05-01,7.53725004196167,7.1402907
2020-05-04,7.574999809265137,7.1502085
2020-05-05,7.584499835968018,7.201089
2020-05-06,7.604750156402588,7.2278337
2020-05-07,7.693749904632568,7.2513914
2020-05-08,7.807499885559082,7.2712393
2020-05-11,7.819250106811523,7.3195753
2020-05-12,7.841750144958496,7.364112
2020-05-13,7.889750003814697,7.413572
2020-05-14,7.917500019073486,7.4761934
2020-05-15,8.123499870300293,7.583304
2020-05-18,8.412249565124512,7.6224785
2020-05-19,8.554499626159668,7.6735983
2020-05-20,8.625,7.719025
2020-05-21,8.727999687194824,7.7682633
2020-05-22,8.760499954223633,7.7758665
2020-05-26,8.790249824523926,7.7870765
2020-05-27,8.794500350952148,7.8356457
2020-05-28,8.796250343322754,7.847033
2020-05-29,8.800000190734863,7.861456
2020-06-01,8.815250396728516,7.8737936
2020-06-02,8.822250366210938,7.876897
2020-06-03,8.825249671936035,7.9047155
2020-06-04,8.833250045776367,7.929186
2020-06-05,8.877249717712402,7.952552
2020-06-08,8.991000175476074,7.9724326
2020-06-09,9.05150032043457,7.9989586
2020-06-10,9.113750457763672,8.045384
2020-06-11,9.149999618530272,8.076158
2020-06-12,9.156749725341797,8.0932
2020-06-15,9.162500381469728,8.120728
2020-06-16,9.167750358581545,8.154307
2020-06-17,9.169750213623049,8.200278
2020-06-18,9.225000381469728,8.23079
2020-06-19,9.22700023651123,8.2509575
2020-06-22,9.24250030517578,8.313219
2020-06-23,9.300000190734863,8.353363
2020-06-24,9.314000129699709,8.377627
2020-06-25,9.35575008392334,8.426955
2020-06-26,9.47624969482422,8.495911
2020-06-29,9.5,8.526439
2020-06-30,9.520750045776367,8.577899
2020-07-01,9.550999641418455,8.586934
2020-07-02,9.638999938964844,8.631469
2020-07-06,9.74174976348877,8.73857
2020-07-07,9.875,8.7668705
2020-07-08,9.946249961853027,8.805343
2020-07-09,9.993749618530272,8.8595495
2020-07-10,10.015000343322754,8.872758
2020-07-13,10.074999809265137,8.905105
2020-07-14,10.225500106811523,8.92617
2020-07-15,10.232250213623049,8.9477005
2020-07-16,10.274250030517578,8.99372
2020-07-17,10.36750030517578,9.03068
2020-07-20,10.374250411987305,9.06087
2020-07-21,10.375,9.082723
2020-07-22,10.380249977111816,9.122926
2020-07-23,10.39074993133545,9.137658
2020-07-24,10.414250373840332,9.148299
2020-07-27,10.449999809265137,9.163611
2020-07-28,10.512999534606934,9.228908
2020-07-29,10.563249588012695,9.297626
2020-07-30,10.588749885559082,9.341903
2020-07-31,10.595000267028809,9.397231
2020-08-03,10.732500076293944,9.473568
2020-08-04,10.970999717712402,9.536977
2020-08-05,10.990750312805176,9.568843
2020-08-06,11.050000190734863,9.600686
2020-08-07,11.073749542236328,9.619736
2020-08-10,11.244000434875488,9.648221
2020-08-11,11.3125,9.68663
2020-08-12,11.334250450134276,9.711225
2020-08-13,11.349749565124512,9.746333
2020-08-14,11.517999649047852,9.778967
2020-08-17,11.529999732971191,9.809361
2020-08-18,11.54599952697754,9.878453
2020-08-19,11.560999870300291,9.903895
2020-08-20,11.57900047302246,9.915309
2020-08-21,11.73449993133545,9.945214
2020-08-24,11.85124969482422,9.988711
2020-08-25,11.878999710083008,10.017955
2020-08-26,11.925000190734863,10.043092
2020-08-27,11.975000381469728,10.051894
2020-08-28,12.036999702453612,10.070069
2020-08-31,12.057000160217283,10.081703
2020-09-01,12.072250366210938,10.105269
2020-09-02,12.086999893188477,10.109905
2020-09-03,12.097999572753906,10.1419935
2020-09-04,12.11299991607666,10.17409
2020-09-08,12.130249977111816,10.210647
2020-09-09,12.13224983215332,10.21893
2020-09-10,12.201749801635742,10.2510195
2020-09-11,12.296500205993652,10.279495
2020-09-14,12.343999862670898,10.331742
2020-09-15,12.347000122070312,10.347005
2020-09-16,12.399999618530272,10.377147
2020-09-17,12.40999984741211,10.404076
2020-09-18,12.420000076293944,10.4230585
2020-09-21,12.447500228881836,10.4360285
2020-09-22,12.447999954223633,10.464149
2020-09-23,12.449999809265137,10.477317
2020-09-24,12.449999809265137,10.478304
2020-09-25,12.48550033569336,10.494792
2020-09-28,12.491000175476074,10.517016
2020-09-29,12.499500274658203,10.55796
2020-09-30,12.505000114440918,10.604783
2020-10-01,12.506999969482422,10.646583
2020-10-02,12.508000373840332,10.65034
2020-10-05,12.550000190734863,10.667055
2020-10-06,12.554499626159668,10.674272
2020-10-07,12.574999809265137,10.678706
2020-10-08,12.575499534606934,10.716996
2020-10-09,12.59375,10.722343
2020-10-12,12.630749702453612,10.730136
2020-10-13,12.648249626159668,10.737081
2020-10-14,12.657750129699709,10.746469
2020-10-15,12.675000190734863,10.768599
2020-10-16,12.694000244140623,10.827472
2020-10-19,12.708499908447266,10.849107
2020-10-20,12.741999626159668,10.878573
2020-10-21,12.75,10.904252
2020-10-22,12.781499862670898,10.944961
2020-10-23,12.7837495803833,10.95395
2020-10-26,12.799249649047852,10.964546
2020-10-27,12.80074977874756,11.001172
2020-10-28,12.820249557495115,11.007247
2020-10-29,12.838500022888184,11.024175
2020-10-30,12.840499877929688,11.027568
2020-11-02,12.842000007629396,11.050674
2020-11-03,12.850000381469728,11.07191
2020-11-04,12.864749908447266,11.099086
2020-11-05,12.869000434875488,11.1351595
2020-11-06,12.869000434875488,11.140389
2020-11-09,12.878999710083008,11.179328
2020-11-10,12.883749961853027,11.185311
2020-11-11,12.91100025177002,11.204714
2020-11-12,12.912750244140623,11.22122
2020-11-13,12.925000190734863,11.246301
2020-11-16,12.9375,11.257632
2020-11-17,12.949999809265137,11.280008
2020-11-18,12.957249641418455,11.286736
2020-11-19,12.967249870300291,11.314579
2020-11-20,12.967499732971191,11.316749
2020-11-23,12.989250183105469,11.342504
2020-11-24,12.990249633789062,11.366868
2020-11-25,12.99625015258789,11.423591
2020-11-27,13.01200008392334,11.449149
2020-11-30,13.015000343322754,11.586949
2020-12-01,13.01550006866455,11.600245
2020-12-02,13.016249656677246,11.626815
2020-12-03,13.032500267028809,11.630649
2020-12-04,13.037249565124512,11.638669
2020-12-07,13.039750099182127,11.662593
2020-12-08,13.040249824523926,11.675597
2020-12-09,13.04300022125244,11.708116
2020-12-10,13.053250312805176,11.716048
2020-12-11,13.053750038146973,11.720703
2020-12-14,13.0625,11.737705
2020-12-15,13.06999969482422,11.7442045
2020-12-16,13.074749946594238,11.749923
2020-12-17,13.074999809265137,11.754483
2020-12-18,13.081000328063965,11.762261
2020-12-21,13.088000297546388,11.773707
2020-12-22,13.099749565124512,11.778871
2020-12-23,13.104000091552734,11.789494
2020-12-24,13.104249954223633,11.8203335
2020-12-28,13.111749649047852,11.861615
2020-12-29,13.136500358581545,11.87831
2020-12-30,13.136500358581545,11.895824
2020-12-31,13.142499923706056,11.918294
2021-01-04,13.151249885559082,11.924554
2021-01-05,13.157500267028809,11.929697
2021-01-06,13.171250343322754,11.934861
2021-01-07,13.172499656677246,11.960614
2021-01-08,13.18274974822998,11.96359
2021-01-11,13.197999954223633,11.979893
2021-01-12,13.212750434875488,11.993203
2021-01-13,13.213000297546388,12.019979
2021-01-14,13.21500015258789,12.03531
2021-01-15,13.220000267028809,12.066743
2021-01-19,13.22249984741211,12.07772
2021-01-20,13.225000381469728,12.10514
2021-01-21,13.227999687194824,12.130246
2021-01-22,13.229999542236328,12.141461
2021-01-25,13.236000061035156,12.144921
2021-01-26,13.253999710083008,12.181107
2021-01-27,13.254249572753906,12.201305
2021-01-28,13.255999565124512,12.212817
2021-01-29,13.265000343322754,12.279691
2021-02-01,13.279999732971191,12.317162
2021-02-02,13.30049991607666,12.32326
2021-02-03,13.305999755859377,12.334833
2021-02-04,13.319250106811523,12.381864
2021-02-05,13.350500106811523,12.401973
2021-02-08,13.356499671936035,12.4045515
2021-02-09,13.362500190734863,12.408504
2021-02-10,13.36674976348877,12.432818
2021-02-11,13.375,12.439422
2021-02-12,13.378999710083008,12.462525
2021-02-16,13.389249801635742,12.51295
2021-02-17,13.39875030517578,12.516059
2021-02-18,13.418499946594238,12.524903
2021-02-19,13.418749809265137,12.579593
2021-02-22,13.422499656677246,12.598512
2021-02-23,13.426250457763672,12.601169
2021-02-24,13.427000045776367,12.635292
2021-02-25,13.439749717712402,12.638943
2021-02-26,13.44849967956543,12.686387
2021-03-01,13.449999809265137,12.690483
2021-03-02,13.45400047302246,12.740366
2021-03-03,13.458999633789062,12.747282
2021-03-04,13.465250015258787,12.763888
2021-03-05,13.479000091552734,12.783508
2021-03-08,13.479999542236328,12.78557
2021-03-09,13.489999771118164,12.837263
2021-03-10,13.492250442504885,12.919714
2021-03-11,13.522500038146973,12.927976
2021-03-12,13.531000137329102,12.938214
2021-03-15,13.552499771118164,12.943547
2021-03-16,13.562999725341797,12.969484
2021-03-17,13.566499710083008,12.974792
2021-03-18,13.572250366210938,12.978961
2021-03-19,13.574999809265137,13.042035
2021-03-22,13.580499649047852,13.065368
2021-03-23,13.583499908447266,13.129794
2021-03-24,13.585000038146973,13.145375
2021-03-25,13.587499618530272,13.178276
2021-03-26,13.60124969482422,13.181593
2021-03-29,13.606499671936035,13.201765
2021-03-30,13.625,13.208059
2021-03-31,13.627249717712402,13.22412
2021-04-01,13.630000114440918,13.2269125
2021-04-05,13.63599967956543,13.23495
2021-04-06,13.725000381469728,13.25644
2021-04-07,13.727250099182127,13.265861
2021-04-08,13.730999946594238,13.276494
2021-04-09,13.739999771118164,13.291832
2021-04-12,13.7524995803833,13.2940035
2021-04-13,13.7524995803833,13.306846
2021-04-14,13.758000373840332,13.34278
2021-04-15,13.767000198364258,13.376489
2021-04-16,13.777999877929688,13.394251
2021-04-19,13.781749725341797,13.435349
2021-04-20,13.802000045776367,13.480798
2021-04-21,13.810750007629396,13.539775
2021-04-22,13.810999870300291,13.549915
2021-04-23,13.824999809265137,13.568381
2021-04-26,13.828749656677246,13.592414
2021-04-27,13.829999923706056,13.621501
2021-04-28,13.850000381469728,13.646737
2021-04-29,13.86750030517578,13.665267
2021-04-30,13.875,13.674478
2021-05-03,13.880749702453612,13.696208
2021-05-04,13.890000343322754,13.717227
2021-05-05,13.899999618530272,13.722794
2021-05-06,13.902999877929688,13.771335
2021-05-07,13.927000045776367,13.793729
2021-05-10,13.986000061035156,13.827963
2021-05-11,13.989500045776367,13.834052
2021-05-12,13.999750137329102,13.850501
2021-05-13,13.999750137329102,13.858511
2021-05-14,14.009499549865724,13.865101
2021-05-17,14.0337495803833,13.8869705
2021-05-18,14.036749839782717,13.90294
2021-05-19,14.045499801635742,13.910203
2021-05-20,14.074999809265137,13.920444
2021-05-21,14.075249671936035,13.9270735
2021-05-24,14.100000381469728,13.946715
2021-05-25,14.109749794006348,13.952785
2021-05-26,14.122750282287598,14.04456
2021-05-27,14.156999588012695,14.050172
2021-05-28,14.156999588012695,14.08977
2021-06-01,14.161999702453612,14.1126795
2021-06-02,14.162500381469728,14.117763
2021-06-03,14.175000190734863,14.122505
2021-06-04,14.208999633789062,14.133866
2021-06-07,14.21399974822998,14.145669
2021-06-08,14.227999687194824,14.152434
2021-06-09,14.252750396728516,14.218879
2021-06-10,14.267000198364258,14.234708
2021-06-11,14.289750099182127,14.249267
2021-06-14,14.290499687194824,14.320478
2021-06-15,14.296500205993652,14.352077
2021-06-16,14.302499771118164,14.362586
2021-06-17,14.333999633789062,14.392724
2021-06-18,14.340749740600586,14.437423
2021-06-21,14.369000434875488,14.479609
2021-06-22,14.402000427246094,14.501808
2021-06-23,14.463250160217283,14.555419
2021-06-24,14.473999977111816,14.615912
2021-06-25,14.491000175476074,14.624318
2021-06-28,14.49524974822998,14.639266
2021-06-29,14.552499771118164,14.649186
2021-06-30,14.56700038909912,14.7529335
2021-07-01,14.59000015258789,14.785971
2021-07-02,14.637249946594238,14.80298
2021-07-06,14.703749656677246,14.841828
2021-07-07,14.708999633789062,14.851061
2021-07-08,14.729000091552734,14.932006
2021-07-09,14.774749755859377,14.952423
2021-07-12,14.787249565124512,14.98365
2021-07-13,14.800000190734863,14.998347
2021-07-14,14.800999641418455,15.032634
2021-07-15,14.808250427246094,15.043193
2021-07-16,14.85099983215332,15.056151
2021-07-19,14.89900016784668,15.106774
2021-07-20,14.934249877929688,15.140728
2021-07-21,14.980250358581545,15.169202
2021-07-22,15.010000228881836,15.192485
2021-07-23,15.024499893188477,15.259257
2021-07-26,15.050000190734863,15.266029
2021-07-27,15.064249992370604,15.278687
2021-07-28,15.074000358581545,15.2910185
2021-07-29,15.107999801635742,15.305404
2021-07-30,15.118749618530272,15.323705
2021-08-02,15.125,15.351096
2021-08-03,15.147000312805176,15.390005
2021-08-04,15.16374969482422,15.403585
2021-08-05,15.17099952697754,15.417256
2021-08-06,15.174500465393066,15.419658
2021-08-09,15.1850004196167,15.451472
2021-08-10,15.196000099182127,15.463482
2021-08-11,15.212499618530272,15.528813
2021-08-12,15.231499671936035,15.539581
2021-08-13,15.267999649047852,15.564952
2021-08-16,15.284000396728516,15.574187
2021-08-17,15.323249816894531,15.616432
2021-08-18,15.32800006866455,15.620444
2021-08-19,15.361000061035156,15.62853
2021-08-20,15.364500045776367,15.636658
2021-08-23,15.375,15.642266
2021-08-24,15.383999824523926,15.702345
2021-08-25,15.399999618530272,15.715326
2021-08-26,15.43000030517578,15.74816
2021-08-27,15.456000328063965,15.77095
2021-08-30,15.50100040435791,15.797896
2021-08-31,15.506999969482422,15.822188
2021-09-01,15.526000022888184,15.837081
2021-09-02,15.536499977111816,15.85171
2021-09-03,15.578499794006348,15.881096
2021-09-07,15.625,15.935136
2021-09-08,15.64799976348877,15.940854
2021-09-09,15.659000396728516,15.9630995
2021-09-10,15.662500381469728,16.01678
2021-09-13,15.696999549865724,16.035109
2021-09-14,15.699749946594238,16.05756
2021-09-15,15.71500015258789,16.071753
2021-09-16,15.730999946594238,16.097246
2021-09-17,15.73425006866455,16.163818
2021-09-20,15.765999794006348,16.285122
2021-09-21,15.772000312805176,16.289898
2021-09-22,15.807000160217283,16.306833
2021-09-23,15.814000129699709,16.38037
2021-09-24,15.82699966430664,16.410948
2021-09-27,15.84000015258789,16.426584
2021-09-28,15.859999656677246,16.449003
2021-09-29,15.960000038146973,16.483625
2021-09-30,15.965999603271484,16.569685
2021-10-01,16.0,16.597013
2021-10-04,16.020000457763672,16.61526
2021-10-05,16.020000457763672,16.633692
2021-10-06,16.025999069213867,16.643839
2021-10-07,16.035999298095703,16.692572
2021-10-08,16.05299949645996,16.701506
2021-10-11,16.06399917602539,16.73921
2021-10-12,16.0939998626709,16.765953
2021-10-13,16.094999313354492,16.77942
2021-10-14,16.097999572753906,16.789787
2021-10-15,16.100000381469727,16.80051
2021-10-18,16.11400032043457,16.844704
2021-10-19,16.16200065612793,16.87467
2021-10-20,16.218000411987305,17.011412
2021-10-21,16.2189998626709,17.05218
2021-10-22,16.22599983215332,17.070072
2021-10-25,16.25225067138672,17.100851
2021-10-26,16.270000457763672,17.118694
2021-10-27,16.273000717163086,17.161512
2021-10-28,16.27400016784668,17.191385
2021-10-29,16.277999877929688,17.22598
2021-11-01,16.302000045776367,17.262487
2021-11-02,16.31800079345703,17.290882
2021-11-03,16.475000381469727,17.31927
2021-11-04,16.486000061035156,17.352354
2021-11-05,16.5,17.383017
2021-11-08,16.510000228881836,17.397139
2021-11-09,16.518999099731445,17.412004
2021-11-10,16.530000686645508,17.42103
2021-11-11,16.57200050354004,17.449667
2021-11-12,16.659000396728516,17.4931
2021-11-15,16.679000854492188,17.52673
2021-11-16,16.70075035095215,17.538591
2021-11-17,16.722000122070312,17.546957
2021-11-18,16.788000106811523,17.567131
2021-11-19,16.8439998626709,17.5851
2021-11-22,16.86400032043457,17.599073
2021-11-23,16.888999938964844,17.650743
2021-11-24,16.89900016784668,17.66152
2021-11-26,16.899999618530273,17.677994
2021-11-29,16.937000274658203,17.701378
2021-11-30,16.94700050354004,17.708853
2021-12-01,16.98900032043457,17.73361
2021-12-02,16.999000549316406,17.754124
2021-12-03,17.01099967956543,17.764986
2021-12-06,17.011999130249023,17.76951
2021-12-07,17.018999099731445,17.801954
2021-12-08,17.031999588012695,17.82043
2021-12-09,17.035999298095703,17.833706
2021-12-10,17.03700065612793,17.839506
2021-12-13,17.112499237060547,17.867445
2021-12-14,17.145999908447266,17.896196
2021-12-15,17.15999984741211,17.93421
2021-12-16,17.25200080871582,17.956991
2021-12-17,17.312000274658203,18.01299
2021-12-20,17.332000732421875,18.025484
2021-12-21,17.347000122070312,18.035593
2021-12-22,17.350000381469727,18.047812
2021-12-23,17.47949981689453,18.124155
2021-12-27,17.489999771118164,18.144236
2021-12-28,17.50200080871582,18.155231
2021-12-29,17.509000778198242,18.183092
2021-12-30,17.515750885009766,18.19195
2021-12-31,17.527250289916992,18.203285
2022-01-03,17.571250915527344,18.217306
2022-01-04,17.600000381469727,18.240385
2022-01-05,17.66699981689453,18.27088
2022-01-06,17.68899917602539,18.281456
2022-01-07,17.697999954223633,18.292513
2022-01-10,17.704999923706055,18.307344
2022-01-11,17.774499893188477,18.348715
2022-01-12,17.79075050354004,18.364481
2022-01-13,17.812999725341797,18.387905
2022-01-14,17.85700035095215,18.404116
2022-01-18,17.885000228881836,18.414902
2022-01-19,17.89299964904785,18.459526
2022-01-20,17.9060001373291,18.485735
2022-01-21,17.915000915527344,18.516699
2022-01-24,17.915250778198242,18.52682
2022-01-25,17.975000381469727,18.56808
2022-01-26,17.98699951171875,18.575312
2022-01-27,18.034000396728516,18.609446
2022-01-28,18.06399917602539,18.641352
2022-01-31,18.073999404907227,18.685427
2022-02-01,18.121999740600582,18.696337
2022-02-02,18.131000518798828,18.722673
2022-02-03,18.15999984741211,18.768776
2022-02-04,18.18199920654297,18.801493
2022-02-07,18.18400001525879,18.82384
2022-02-08,18.18600082397461,18.828959
2022-02-09,18.29199981689453,18.864464
2022-02-10,18.301000595092773,18.895374
2022-02-11,18.4060001373291,18.98297
2022-02-14,18.43524932861328,19.035456
2022-02-15,18.471500396728516,19.076036
2022-02-16,18.472000122070312,19.098795
2022-02-17,18.481000900268555,19.119234
2022-02-18,18.52300071716309,19.138287
2022-02-22,18.5310001373291,19.16734
2022-02-23,18.541000366210938,19.24866
2022-02-24,18.597999572753903,19.26623
2022-02-25,18.701000213623047,19.285028
2022-02-28,18.724000930786133,19.301012
2022-03-01,18.729999542236328,19.321743
2022-03-02,18.736000061035156,19.336851
2022-03-03,18.784000396728516,19.384836
2022-03-04,18.798999786376953,19.39783
2022-03-07,18.809999465942383,19.480646
2022-03-08,18.82699966430664,19.56457
2022-03-09,18.849000930786133,19.595942
2022-03-10,18.881999969482425,19.608921
2022-03-11,18.913000106811523,19.656015
2022-03-14,18.920000076293945,19.670717
2022-03-15,18.96699905395508,19.683691
2022-03-16,18.979999542236328,19.69878
2022-03-17,19.007749557495117,19.71615
2022-03-18,19.030500411987305,19.7532
2022-03-21,19.082000732421875,19.803753
2022-03-22,19.138999938964844,19.867247
2022-03-23,19.170000076293945,19.919985
2022-03-24,19.20199966430664,19.935984
2022-03-25,19.22775077819824,19.944921
2022-03-28,19.26499938964844,19.957426
2022-03-29,19.280500411987305,19.97624
2022-03-30,19.31100082397461,20.026321
2022-03-31,19.319000244140625,20.0474
2022-04-01,19.361249923706055,20.108839
2022-04-04,19.399999618530273,20.12865
2022-04-05,19.402000427246097,20.18218
2022-04-06,19.417999267578125,20.214327
2022-04-07,19.461999893188477,20.224714
2022-04-08,19.493999481201172,20.324255
2022-04-11,19.5,20.341421
2022-04-12,19.518999099731445,20.355753
2022-04-13,19.642000198364254,20.399805
2022-04-14,19.6560001373291,20.414125
2022-04-18,19.684999465942383,20.442827
2022-04-19,19.69099998474121,20.45032
2022-04-20,19.700000762939453,20.468182
2022-04-21,19.701000213623047,20.502312
2022-04-22,19.718000411987305,20.514788
2022-04-25,19.739999771118164,20.53769
2022-04-26,19.811750411987305,20.55171
2022-04-27,19.85650062561035,20.560743
2022-04-28,19.867000579833984,20.631731
2022-04-29,19.8700008392334,20.657043
2022-05-02,19.88249969482422,20.712572
2022-05-03,19.905000686645508,20.724075
2022-05-04,19.92300033569336,20.747768
2022-05-05,19.950000762939453,20.768507
2022-05-06,19.950000762939453,20.78219
2022-05-09,19.962499618530273,20.822428
2022-05-10,19.989999771118164,20.850067
2022-05-11,19.99099922180176,20.907515
2022-05-12,19.999250411987305,20.968468
2022-05-13,20.042999267578125,20.978024
2022-05-16,20.1200008392334,20.990547
2022-05-17,20.125,21.015848
2022-05-18,20.135000228881836,21.065933
2022-05-19,20.239999771118164,21.08363
2022-05-20,20.30299949645996,21.10896
2022-05-23,20.32200050354004,21.13466
2022-05-24,20.357749938964844,21.16197
2022-05-25,20.40049934387207,21.183588
2022-05-26,20.440250396728516,21.30807
2022-05-27,20.445999145507812,21.360367
2022-05-31,20.5,21.400654
2022-06-01,20.503999710083008,21.463068
2022-06-02,20.52400016784668,21.513674
2022-06-03,20.575000762939453,21.53789
2022-06-06,20.707000732421875,21.568926
2022-06-07,20.737499237060547,21.582277
2022-06-08,20.75,21.6048
2022-06-09,20.76799964904785,21.640247
2022-06-10,20.805999755859375,21.661757
2022-06-13,20.82799911499023,21.701452
2022-06-14,20.853500366210938,21.718508
2022-06-15,20.917999267578125,21.76363
2022-06-16,20.940000534057617,21.77663
2022-06-17,20.97100067138672,21.813704
2022-06-21,21.0,21.83939
2022-06-22,21.0,21.943605
2022-06-23,21.0,21.9722
2022-06-24,21.01499938964844,21.997486
2022-06-27,21.09199905395508,22.014471
2022-06-28,21.10099983215332,22.091208
2022-06-29,21.145999908447266,22.155842
2022-06-30,21.200000762939453,22.184866
2022-07-01,21.214000701904297,22.20956
2022-07-05,21.288000106811523,22.252125
2022-07-06,21.30900001525879,22.275213
2022-07-07,21.36599922180176,22.29239
2022-07-08,21.381999969482425,22.31974
2022-07-11,21.41699981689453,22.332937
2022-07-12,21.51799964904785,22.387302
2022-07-13,21.538000106811523,22.435877
2022-07-14,21.57799911499023,22.459364
2022-07-15,21.631000518798828,22.501764
2022-07-18,21.690000534057617,22.580091
2022-07-19,21.708999633789062,22.612696
2022-07-20,21.709999084472656,22.646389
2022-07-21,21.719999313354492,22.685045
2022-07-22,21.72800064086914,22.702713
2022-07-25,21.73699951171875,22.76244
2022-07-26,21.749000549316406,22.80237
2022-07-27,21.753000259399418,22.80566
2022-07-28,21.809999465942383,22.812365
2022-07-29,21.868999481201172,22.823305
2022-08-01,22.011999130249023,22.864782
2022-08-02,22.06999969482422,22.877024
2022-08-03,22.097000122070312,22.89828
2022-08-04,22.132999420166016,22.926508
2022-08-05,22.13999938964844,22.946291
2022-08-08,22.183000564575195,22.963766
2022-08-09,22.18400001525879,22.97566
2022-08-10,22.200000762939453,22.98963
2022-08-11,22.214000701904297,23.002737
2022-08-12,22.274999618530273,23.033237
2022-08-15,22.275999069213867,23.039194
2022-08-16,22.299999237060547,23.047451
2022-08-17,22.30500030517578,23.062529
2022-08-18,22.30900001525879,23.079973
2022-08-19,22.312000274658203,23.114729
2022-08-22,22.325000762939453,23.130789
2022-08-23,22.329999923706055,23.176485
2022-08-24,22.347999572753903,23.203848
2022-08-25,22.386999130249023,23.252604
2022-08-26,22.386999130249023,23.281912
2022-08-29,22.48500061035156,23.322351
2022-08-30,22.488000869750977,23.337664
2022-08-31,22.5049991607666,23.374914
2022-09-01,22.51300048828125,23.395489
2022-09-02,22.517000198364254,23.399881
2022-09-06,22.51799964904785,23.441668
2022-09-07,22.5310001373291,23.462034
2022-09-08,22.53700065612793,23.505383
2022-09-09,22.54599952697754,23.550735
2022-09-12,22.548999786376953,23.556395
2022-09-13,22.606000900268555,23.620955
2022-09-14,22.68400001525879,23.675043
2022-09-15,22.69499969482422,23.73429
2022-09-16,22.75200080871582,23.786465
2022-09-19,22.816999435424805,23.816912
2022-09-20,22.822999954223633,23.829325
2022-09-21,22.829999923706055,23.896946
2022-09-22,22.83300018310547,23.911276
2022-09-23,22.972999572753903,23.963354
2022-09-26,23.02199935913086,24.072182
2022-09-27,23.03499984741211,24.081156
2022-09-28,23.18199920654297,24.172918
2022-09-29,23.191999435424805,24.227299
2022-09-30,23.225000381469727,24.294203
2022-10-03,23.239999771118164,24.351816
2022-10-04,23.31999969482422,24.424334
2022-10-05,23.371999740600582,24.516865
2022-10-06,23.38400077819824,24.53594
2022-10-07,23.409000396728516,24.559765
2022-10-10,23.440000534057617,24.603685
2022-10-11,23.48699951171875,24.612907
2022-10-12,23.496000289916992,24.707819
2022-10-13,23.5,24.737783
2022-10-14,23.506999969482425,24.743336
2022-10-17,23.56800079345703,24.75944
2022-10-18,23.600000381469727,24.792507
2022-10-19,23.670000076293945,24.814257
2022-10-20,23.72100067138672,24.84682
2022-10-21,23.756000518798828,24.883083
2022-10-24,23.76099967956543,24.909935
2022-10-25,23.802000045776367,24.942795
2022-10-26,23.891000747680664,24.993631
2022-10-27,23.91699981689453,25.026148
2022-10-28,23.93400001525879,25.090849
2022-10-31,23.972000122070312,25.142767
2022-11-01,23.98900032043457,25.158537
2022-11-02,23.992000579833984,25.24941
2022-11-03,24.027000427246097,25.281532
2022-11-04,24.1200008392334,25.305208
2022-11-07,24.174999237060547,25.323622
2022-11-08,24.261999130249023,25.428347
2022-11-09,24.291000366210938,25.482176
2022-11-10,24.358999252319336,25.596775
2022-11-11,24.371999740600582,25.625471
2022-11-14,24.44099998474121,25.650923
2022-11-15,24.45800018310547,25.66127
2022-11-16,24.474000930786133,25.680157
2022-11-17,24.667999267578125,25.730528
2022-11-18,24.798999786376953,25.766289
2022-11-21,24.878000259399418,25.800362
2022-11-22,24.93400001525879,25.843191
2022-11-23,24.948999404907227,25.895414
2022-11-25,25.000999450683594,25.949759
2022-11-28,25.104000091552734,26.051676
2022-11-29,25.304000854492188,26.08673
2022-11-30,25.614999771118164,26.215498
2022-12-01,25.621999740600582,26.241594
2022-12-02,25.6299991607666,26.297064
2022-12-05,25.64900016784668,26.410156
2022-12-06,25.79400062561035,26.486895
2022-12-07,25.82200050354004,26.528421
2022-12-08,25.916000366210938,26.553314
2022-12-09,25.98200035095215,26.599432
2022-12-12,25.9950008392334,26.73897
2022-12-13,26.07900047302246,26.790937
2022-12-14,26.125999450683594,26.806599
2022-12-15,26.166000366210938,26.863348
2022-12-16,26.18000030517578,26.896189
2022-12-19,26.25900077819824,27.16355
2022-12-20,26.260000228881836,27.194506
2022-12-21,26.299999237060547,27.210146
2022-12-22,26.424999237060547,27.247019
2022-12-23,26.44700050354004,27.268745
2022-12-27,26.503999710083008,27.286493
2022-12-28,26.506999969482425,27.299555
2022-12-29,26.565000534057617,27.33069
2022-12-30,26.58099937438965,27.366415
2023-01-03,26.583999633789062,27.378065
2023-01-04,26.670000076293945,27.414953
2023-01-05,26.72699928283691,27.46397
2023-01-06,26.72800064086914,27.47021
2023-01-09,26.733999252319336,27.592989
2023-01-10,26.822999954223633,27.6475
2023-01-11,26.825000762939453,27.697138
2023-01-12,26.82900047302246,27.71448
2023-01-13,26.836999893188477,27.74426
2023-01-17,26.95199966430664,27.771357
2023-01-18,27.00200080871582,27.788786
2023-01-19,27.01300048828125,27.838156
2023-01-20,27.0310001373291,27.846167
2023-01-23,27.07799911499023,27.89601
2023-01-24,27.114999771118164,27.906874
2023-01-25,27.13999938964844,28.003397
2023-01-26,27.225000381469727,28.015568
2023-01-27,27.229000091552734,28.119326
2023-01-30,27.229000091552734,28.124668
2023-01-31,27.253999710083008,28.16467
2023-02-01,27.30500030517578,28.19192
2023-02-02,27.322999954223633,28.26492
2023-02-03,27.361000061035156,28.32037
2023-02-06,27.363000869750977,28.374796
2023-02-07,27.3700008392334,28.392965
2023-02-08,27.375,28.533506
2023-02-09,27.50900077819824,28.653603
2023-02-10,27.53300094604492,28.707546
2023-02-13,27.63999938964844,28.749926
2023-02-14,27.650999069213867,28.755983
2023-02-15,27.67099952697754,28.77677
2023-02-16,27.698999404907227,28.785303
2023-02-17,27.724000930786133,28.814936
2023-02-21,27.756000518798828,28.83911
2023-02-22,27.781999588012695,28.851915
2023-02-23,27.826000213623047,28.891937
2023-02-24,27.84000015258789,28.929794
2023-02-27,27.84000015258789,28.970797
2023-02-28,27.88599967956543,29.0253
2023-03-01,27.965999603271484,29.064749
2023-03-02,27.98500061035156,29.076233
2023-03-03,28.066999435424805,29.112253
2023-03-06,28.141000747680664,29.134172
2023-03-07,28.304000854492188,29.163055
2023-03-08,28.374000549316406,29.193275
2023-03-09,28.378999710083008,29.225492
2023-03-10,28.399999618530273,29.242712
2023-03-13,28.507999420166016,29.299635
2023-03-14,28.52199935913086,29.317057
2023-03-15,28.52899932861328,29.442472
2023-03-16,28.68000030517578,29.474304
2023-03-17,28.69499969482422,29.52087
2023-03-20,28.840999603271484,29.567436
2023-03-21,28.891000747680664,29.605755
2023-03-22,28.895999908447266,29.690563
2023-03-23,28.89900016784668,29.754065
2023-03-24,28.948999404907227,29.813267
2023-03-27,29.0049991607666,29.825386
2023-03-28,29.356000900268555,29.86659
2023-03-29,29.583999633789062,29.943382
2023-03-30,29.65999984741211,29.99505
2023-03-31,29.673999786376953,30.120714
2023-04-03,29.7549991607666,30.148993
2023-04-04,29.75900077819824,30.164015
2023-04-05,29.815000534057617,30.249506
2023-04-06,29.82699966430664,30.270119
2023-04-10,29.8799991607666,30.320719
2023-04-11,30.010000228881836,30.409536
2023-04-12,30.14900016784668,30.48736
2023-04-13,30.187000274658203,30.52096
2023-04-14,30.209999084472656,30.548628
2023-04-17,30.249000549316406,30.586874
2023-04-18,30.27300071716309,30.614822
2023-04-19,30.277000427246097,30.671513
2023-04-20,30.40999984741211,30.772238
2023-04-21,30.417999267578125,30.807386
2023-04-24,30.468000411987305,30.826433
2023-04-25,30.552000045776367,30.888367
2023-04-26,30.900999069213867,30.922089
2023-04-27,30.957000732421875,31.014921
2023-04-28,31.0,31.03603
2023-05-01,31.149999618530273,31.080667
2023-05-02,31.152000427246097,31.36912
2023-05-03,31.214000701904297,31.412521
2023-05-04,31.312000274658203,31.473028
2023-05-05,31.461000442504883,31.518274
2023-05-08,31.53499984741211,31.585218
2023-05-09,31.535999298095703,31.688778
2023-05-10,31.733999252319336,31.777502
2023-05-11,31.999000549316406,31.818718
2023-05-12,32.0,31.857294
2023-05-15,32.24300003051758,31.916954
2023-05-16,32.28200149536133,32.139217
2023-05-17,32.36600112915039,32.181065
2023-05-18,32.367000579833984,32.318275
2023-05-19,32.599998474121094,32.40581
2023-05-22,33.16899871826172,32.59378
2023-05-23,33.21900177001953,32.726074
2023-05-24,33.516998291015625,32.90589
2023-05-25,37.7239990234375,34.142036
2023-05-26,37.88999938964844,34.276382
2023-05-30,38.48899841308594,34.347656
2023-05-31,38.52299880981445,34.468803
2023-06-01,38.83000183105469,34.62984
2023-06-02,38.90900039672851,34.77119
2023-06-05,38.915000915527344,34.81087
2023-06-06,39.0369987487793,34.861786
2023-06-07,39.20000076293945,34.918118
2023-06-08,39.487998962402344,35.164513
2023-06-09,40.09700012207031,35.28952
2023-06-12,40.18600082397461,35.408447
2023-06-13,40.45000076293945,35.519638
2023-06-14,40.48600006103515,35.5545
2023-06-15,40.595001220703125,35.60791
2023-06-16,40.65999984741211,35.686962
2023-06-20,40.79899978637695,35.707256
2023-06-21,40.82400131225586,35.76751
2023-06-22,40.88399887084961,35.960392
2023-06-23,41.08700180053711,35.9898
2023-06-26,41.130001068115234,36.02308
2023-06-27,41.229000091552734,36.073708
2023-06-28,41.55799865722656,36.152996
2023-06-29,41.571998596191406,36.225117
2023-06-30,41.58300018310547,36.269096
2023-07-03,41.59099960327149,36.355476
2023-07-05,41.68000030517578,36.48113
2023-07-06,41.750999450683594,36.57251
2023-07-07,41.84400177001953,36.657104
2023-07-10,41.85300064086914,36.814034
2023-07-11,41.88999938964844,36.91124
2023-07-12,42.000999450683594,36.9347
2023-07-13,42.1349983215332,37.05698
2023-07-14,42.15999984741211,37.133743
2023-07-17,42.25299835205078,37.16181
2023-07-18,42.321998596191406,37.19809
2023-07-19,42.33000183105469,37.2537
2023-07-20,42.459999084472656,37.286232
2023-07-21,42.46099853515625,37.29814
2023-07-24,42.4640007019043,37.308044
2023-07-25,42.48099899291992,37.363815
2023-07-26,42.516998291015625,37.44169
2023-07-27,42.59099960327149,37.48089
2023-07-28,42.60200119018555,37.578724
2023-07-31,42.6349983215332,37.648396
2023-08-01,42.65700149536133,37.76194
2023-08-02,42.74800109863281,37.79344
2023-08-03,42.81100082397461,37.81739
2023-08-04,42.99800109863281,37.83897
2023-08-07,43.03300094604492,37.881676
2023-08-08,43.07699966430664,38.02256
2023-08-09,43.327999114990234,38.06211
2023-08-10,43.39799880981445,38.101185
2023-08-11,43.45000076293945,38.136692
2023-08-14,43.500999450683594,38.148632
2023-08-15,43.599998474121094,38.171238
2023-08-16,43.742000579833984,38.321674
2023-08-17,43.79999923706055,38.374184
2023-08-18,43.82699966430664,38.412178
2023-08-21,43.83300018310547,38.55202
2023-08-22,43.970001220703125,38.59897
2023-08-23,44.0,38.67078
2023-08-24,44.02000045776367,38.819996
2023-08-25,44.029998779296875,38.834045
2023-08-28,44.04999923706055,38.925625
2023-08-29,44.19300079345703,38.980568
2023-08-30,44.27399826049805,39.021523
2023-08-31,44.49399948120117,39.07171
2023-09-01,44.51800155639648,39.180847
2023-09-05,44.52000045776367,39.276825
2023-09-06,44.560001373291016,39.31373
2023-09-07,44.599998474121094,39.332138
2023-09-08,44.73099899291992,39.361107
2023-09-11,44.737998962402344,39.39904
2023-09-12,44.80799865722656,39.43257
2023-09-13,44.84199905395508,39.487526
2023-09-14,44.85300064086914,39.543926
2023-09-15,44.94100189208984,39.565655
2023-09-18,44.98500061035156,39.74739
2023-09-19,45.0629997253418,39.795647
2023-09-20,45.11100006103515,39.869434
2023-09-21,45.28499984741211,39.90172
2023-09-22,45.310001373291016,39.987602
2023-09-25,45.34099960327149,40.00037
2023-09-26,45.46599960327149,40.075703
2023-09-27,45.525001525878906,40.128853
2023-09-28,45.70000076293945,40.156754
2023-09-29,45.71900177001953,40.178303
2023-10-02,45.78799819946289,40.204758
2023-10-03,45.83100128173828,40.27233
2023-10-04,45.86600112915039,40.290375
2023-10-05,45.94200134277344,40.30439
2023-10-06,45.95000076293945,40.35096
2023-10-09,46.020999908447266,40.37665
2023-10-10,46.04600143432617,40.393913
2023-10-11,46.07699966430664,40.488422
2023-10-12,46.099998474121094,40.592407
2023-10-13,46.14799880981445,40.63959
2023-10-16,46.19599914550781,40.66913
2023-10-17,46.28900146484375,40.751953
2023-10-18,46.459999084472656,40.78469
2023-10-19,46.48199844360352,40.85215
2023-10-20,46.50699996948242,40.951508
2023-10-23,46.51900100708008,40.98332
2023-10-24,46.525001525878906,41.001198
2023-10-25,46.58300018310547,41.03698
2023-10-26,46.595001220703125,41.10289
2023-10-27,46.66600036621094,41.15238
2023-10-30,46.667999267578125,41.180706
2023-10-31,46.70100021362305,41.207764
2023-11-01,46.75400161743164,41.224457
2023-11-02,46.777000427246094,41.25972
2023-11-03,46.959999084472656,41.307076
2023-11-06,47.012001037597656,41.392426
2023-11-07,47.21500015258789,41.53636
2023-11-08,47.4640007019043,41.582695
2023-11-09,47.46699905395508,41.593563
2023-11-10,47.48500061035156,41.64023
2023-11-13,47.49100112915039,41.70901
2023-11-14,47.5,41.862926
2023-11-15,47.62900161743164,42.016663
2023-11-16,47.766998291015625,42.181057
2023-11-17,47.79999923706055,42.273033
2023-11-20,48.02399826049805,42.33789
2023-11-21,48.1349983215332,42.514965
2023-11-22,48.194000244140625,42.553574
2023-11-24,48.222999572753906,42.63105
2023-11-27,48.23600006103515,42.65547
2023-11-28,48.31999969482422,42.77545
2023-11-29,48.37900161743164,42.84047
2023-11-30,48.38999938964844,42.935783
2023-12-01,48.44100189208984,43.029175
2023-12-04,48.46200180053711,43.057198
2023-12-05,48.470001220703125,43.226456
2023-12-06,48.67900085449219,43.2808
2023-12-07,48.81100082397461,43.439594
2023-12-08,48.96799850463867,43.52346
2023-12-11,49.04399871826172,43.580704
2023-12-12,49.19499969482422,43.635292
2023-12-13,49.24399948120117,43.81581
2023-12-14,49.3120002746582,43.84755
2023-12-15,49.380001068115234,43.887028
2023-12-18,49.400001525878906,43.91288
2023-12-19,49.42399978637695,43.93557
2023-12-20,49.51100158691406,44.02974
2023-12-21,49.512001037597656,44.11818
2023-12-22,49.52399826049805,44.163734
2023-12-26,49.64300155639648,44.192963
2023-12-27,49.654998779296875,44.276417
2023-12-28,49.68000030517578,44.280525
2023-12-29,49.762001037597656,44.315884
2024-01-02,49.8129997253418,44.412125
2024-01-03,49.85200119018555,44.48298
2024-01-04,49.935001373291016,44.588303
2024-01-05,50.125999450683594,44.70773
2024-01-08,50.21599960327149,45.16886
2024-01-09,52.4010009765625,45.627
2024-01-10,53.61600112915039,45.909004
2024-01-11,54.619998931884766,46.0549
2024-01-12,54.999000549316406,46.129448
2024-01-16,55.01800155639648,46.331833
2024-01-17,56.34700012207031,46.578827
2024-01-18,57.2599983215332,46.970284
